decision_date,code,layer,reason,limit,stop,reward,expected_rr
2021-01-14,1568,short,expected_rr_below_1p5,30.968,27.503999999999998,33.445440000000005,0.7151963048498855
2021-01-15,4938,swing,expected_rr_below_1p5,78.792,64.214,90.6108,0.8107284949924539
2021-01-18,1524,short,expected_rr_below_1p5,11.515,10.799999999999999,12.436200000000001,1.2883916083916065
2021-01-29,2722,swing,expected_rr_below_1p5,27.439999999999998,23.8135,31.555999999999994,1.1349786295326072
2021-01-29,2302,swing,expected_rr_below_1p5,21.56,19.4,24.793999999999997,1.4972222222222213
2021-01-29,2399,swing,expected_rr_below_1p5,15.337,13.192,17.637549999999997,1.0725174825174817
2021-02-01,2302,swing,expected_rr_below_1p5,22.54,19.4,25.920999999999996,1.0767515923566866
2021-02-02,5531,swing,expected_rr_below_1p5,14.062999999999999,12.4645,16.172449999999998,1.3196434157022205
2021-02-03,6485,short,expected_rr_below_1p5,52.92,49.92,57.153600000000004,1.411200000000001
2021-02-04,6485,short,expected_rr_below_1p5,54.782,49.92,59.16456,0.9013903743315528
2021-02-22,8422,swing,expected_rr_below_1p5,158.76,15.326,182.57399999999998,0.16602758062941836
2021-02-24,2465,short,expected_rr_below_1p5,25.48,23.232,27.518400000000003,0.9067615658362997
2021-03-09,3046,swing,expected_rr_below_1p5,16.415,14.453,18.877249999999997,1.2549694189602434
2021-03-25,2353,short,expected_rr_below_1p5,31.311,28.128,33.81588,0.7869557021677663
2021-04-01,6116,short,expected_rr_below_1p5,15.386,14.544,16.616880000000002,1.4618527315914542
2021-04-06,2323,short,expected_rr_below_1p5,10.29,9.571200000000001,11.113199999999999,1.1452420701168644
2021-04-07,6116,short,expected_rr_below_1p5,16.072,14.544,17.35776,0.841465968586388
2021-04-08,2323,short,expected_rr_below_1p5,10.878,9.571200000000001,11.748240000000001,0.6659320477502306
2021-04-16,3236,short,expected_rr_below_1p5,32.683,30.912000000000003,35.29764,1.4763636363636394
2021-04-20,8422,swing,expected_rr_below_1p5,173.95,16.635499999999997,200.04249999999996,0.16586201526242003
2021-04-21,2109,short,expected_rr_below_1p5,25.186,21.503999999999998,27.20088,0.5472243346007606
2021-05-06,8422,swing,expected_rr_below_1p5,173.95,16.683999999999997,200.04249999999996,0.1659131662279194
2021-05-07,8422,swing,expected_rr_below_1p5,175.42,16.683999999999997,201.73299999999998,0.16576579981856662
2021-06-18,4807,swing,expected_rr_below_1p5,25.872,22.8435,29.752799999999997,1.281426448736997
2021-06-21,4807,swing,expected_rr_below_1p5,26.754,22.8435,30.7671,1.0262370540851542
2021-06-24,1903,short,expected_rr_below_1p5,71.344,66.72,77.05152,1.2343252595155727
2021-06-25,1736,swing,expected_rr_below_1p5,83.78999999999999,74.884,96.35849999999998,1.4112396137435435
2021-06-28,1903,short,expected_rr_below_1p5,71.05,66.72,76.73400000000001,1.3127020785219432
2021-06-29,0050,swing,expected_rr_below_1p5,134.84799999999998,32.66475,155.07519999999997,0.19795025114194337
2021-07-13,2439,swing,expected_rr_below_1p5,113.19,101.365,130.1685,1.4358139534883714
2021-07-14,2308,swing,expected_rr_below_1p5,316.54,281.3,364.021,1.3473609534619746
2021-07-15,3122,short,expected_rr_below_1p5,50.47,45.696,54.507600000000004,0.8457478005865111
2021-08-18,2012,swing,expected_rr_below_1p5,30.723000000000003,30.9915,35.33145,-inf
2021-08-20,2383,swing,expected_rr_below_1p5,230.79,198.85,265.40849999999995,1.083860363180963
2021-08-20,5285,swing,expected_rr_below_1p5,108.78,97.485,125.097,1.4446215139442222
2021-08-24,8422,swing,expected_rr_below_1p5,165.62,16.198999999999998,190.463,0.1662617704338747
2021-09-01,6108,short,expected_rr_below_1p5,25.430999999999997,24.0,27.46548,1.4217190775681383
2021-09-10,8429,swing,expected_rr_below_1p5,12.690999999999999,11.251999999999999,14.594649999999998,1.322897845726198
2021-09-15,1721,swing,expected_rr_below_1p5,10.241,8.7106,11.777149999999999,1.0037571876633553
2021-09-16,1721,swing,expected_rr_below_1p5,11.220999999999998,8.7106,12.904149999999998,0.6704708413001913
2021-11-02,1609,swing,expected_rr_below_1p5,27.195,23.8135,31.27425,1.2063433387549902
2021-11-02,2614,swing,expected_rr_below_1p5,34.741,29.051499999999997,39.952149999999996,0.9159240706564714
2021-11-18,2497,short,expected_rr_below_1p5,43.12,40.176,46.5696,1.1717391304347857
2021-11-22,3380,short,expected_rr_below_1p5,30.233,28.128,32.65164,1.1489976247030875
2021-11-22,3018,swing,expected_rr_below_1p5,17.884999999999998,15.326,20.567749999999997,1.0483587338804226
2021-12-01,6138,short,expected_rr_below_1p5,262.64,239.04,283.6512,0.8903050847457642
2021-12-07,4763,swing,expected_rr_below_1p5,100.45,9.5642,115.5175,0.16578497411036702
2021-12-14,4994,swing,expected_rr_below_1p5,57.428,50.245999999999995,66.0422,1.1994152046783617
2021-12-14,8101,swing,expected_rr_below_1p5,2.6852,2.3183000000000002,3.08798,1.0977923139820118
2021-12-17,2504,swing,expected_rr_below_1p5,29.008,25.802,33.359199999999994,1.3572052401746713
2021-12-23,0050,swing,expected_rr_below_1p5,139.797,33.464999999999996,160.76655,0.19720827220404016
2022-03-04,1597,swing,expected_rr_below_1p5,87.906,77.794,101.0919,1.3039853639240484
2022-03-07,1615,swing,expected_rr_below_1p5,34.104,30.555,39.21959999999999,1.4414201183431936
2022-03-07,1597,swing,expected_rr_below_1p5,88.102,77.794,101.3173,1.2820430733410932
2022-03-10,5538,swing,expected_rr_below_1p5,61.936,53.447,71.2264,1.0944045235010014
2022-03-11,9933,swing,expected_rr_below_1p5,43.266999999999996,38.460499999999996,49.75704999999999,1.3502652657859142
2022-03-11,1513,swing,expected_rr_below_1p5,44.638999999999996,39.964,51.33484999999999,1.4322673796791439
2022-03-18,3708,swing,expected_rr_below_1p5,97.02,85.457,111.573,1.258583412609184
2022-03-22,1513,short,expected_rr_below_1p5,53.802,50.784,58.10616,1.426163021868788
2022-03-23,2812,short,expected_rr_below_1p5,14.749,13.871999999999998,15.928920000000002,1.3454047890535892
2022-03-23,6431,swing,expected_rr_below_1p5,29.546999999999997,26.481,33.979049999999994,1.4455479452054805
2022-03-24,3308,swing,expected_rr_below_1p5,17.395,13.774,20.00425,0.7205882352941174
2022-03-28,3558,short,expected_rr_below_1p5,142.59,133.44,153.99720000000002,1.246688524590165
2022-03-30,4551,swing,expected_rr_below_1p5,152.88,137.255,175.81199999999998,1.4676479999999992
2022-04-06,2613,swing,expected_rr_below_1p5,40.131,33.270999999999994,46.15065,0.877499999999999
2022-04-11,2030,swing,expected_rr_below_1p5,37.24,31.525,42.826,0.9774278215223089
2022-04-12,4426,swing,expected_rr_below_1p5,23.324,20.952,26.8226,1.4749578414839797
2022-04-22,6806,short,expected_rr_below_1p5,119.56,112.8,129.12480000000002,1.4149112426035522
2022-04-27,1589,swing,expected_rr_below_1p5,71.05,60.237,81.7075,0.985619162119671
2022-04-29,6205,swing,expected_rr_below_1p5,84.28,74.496,96.922,1.29210956663941
2022-05-04,3703,swing,expected_rr_below_1p5,28.273,25.22,32.513949999999994,1.3891090730429063
2022-05-05,3703,swing,expected_rr_below_1p5,30.184,25.22,34.7116,0.9120870265914574
2022-05-11,8499,swing,expected_rr_below_1p5,107.31,108.64,123.4065,-inf
2022-05-19,1432,swing,expected_rr_below_1p5,13.377,9.893999999999998,15.38355,0.5760981912144696
2022-06-02,1735,swing,expected_rr_below_1p5,16.219,16.296,18.65185,-inf
2022-06-09,1611,swing,expected_rr_below_1p5,19.6,17.1205,22.54,1.1857229280096777
2022-06-10,6133,short,expected_rr_below_1p5,11.27,10.655999999999999,12.1716,1.4684039087947867
2022-06-13,6541,swing,expected_rr_below_1p5,56.938,50.925,65.4787,1.420372526193247
2022-07-05,2820,swing,expected_rr_below_1p5,15.924999999999999,16.150499999999997,18.31375,-inf
2022-07-06,1218,swing,expected_rr_below_1p5,33.858999999999995,28.615,38.93784999999999,0.9685068649885582
2022-07-06,8454,swing,expected_rr_below_1p5,735.98,618.86,846.377,0.9425973360655732
2022-07-06,2929,swing,expected_rr_below_1p5,13.572999999999999,12.0765,15.608949999999997,1.3604744403608413
2022-07-13,6283,swing,expected_rr_below_1p5,29.351,25.996,33.75364999999999,1.3122652757078968
2022-07-14,2241,swing,expected_rr_below_1p5,31.605,28.421,36.345749999999995,1.4889290201005003
2022-07-14,6283,swing,expected_rr_below_1p5,29.743000000000002,25.996,34.20445,1.190672538030423
2022-07-20,1514,short,expected_rr_below_1p5,37.24,35.136,40.21920000000001,1.4159695817490527
2022-07-29,1513,swing,expected_rr_below_1p5,57.036,51.312999999999995,65.5914,1.494915254237285
2022-08-05,1476,swing,expected_rr_below_1p5,439.03999999999996,389.94,504.8959999999999,1.3412627291242358
2022-08-17,6426,short,expected_rr_below_1p5,82.516,75.744,89.11728000000001,0.9747903130537503
2022-08-18,6426,short,expected_rr_below_1p5,84.77,75.744,91.55160000000001,0.7513405716818097
2022-08-24,1314,swing,expected_rr_below_1p5,10.878,9.6418,12.509699999999999,1.3199320498301232
2022-08-25,6117,short,expected_rr_below_1p5,21.462,19.823999999999998,23.17896,1.0482051282051272
2022-08-29,6666,swing,expected_rr_below_1p5,71.148,52.962,81.82019999999999,0.5868360277136255
2022-09-01,6792,swing,expected_rr_below_1p5,93.786,80.31599999999999,107.8539,1.0443875278396422
2022-09-07,3703,short,expected_rr_below_1p5,32.242,30.24,34.82136,1.2883916083916096
2022-09-13,2376,swing,expected_rr_below_1p5,91.042,76.92099999999999,104.69829999999999,0.9670915657531322
2022-09-13,2404,swing,expected_rr_below_1p5,173.46,148.89499999999998,199.47899999999998,1.0591899043354345
2022-09-21,2368,swing,expected_rr_below_1p5,91.82600000000001,75.175,105.5999,0.8272115788841504
2022-09-21,3011,swing,expected_rr_below_1p5,15.533,13.871,17.862949999999998,1.4018953068592057
2022-09-29,1805,swing,expected_rr_below_1p5,11.172,11.2035,12.8478,-inf
2022-10-11,3481,swing,expected_rr_below_1p5,11.220999999999998,10.088,12.904149999999998,1.485569285083849
2022-10-13,3481,swing,expected_rr_below_1p5,11.368,10.088,13.0732,1.3321874999999985
2022-10-13,2358,swing,expected_rr_below_1p5,14.7,13.046499999999998,16.904999999999998,1.3335349259147244
2022-10-17,8016,swing,expected_rr_below_1p5,174.44,150.35,200.606,1.0861768368617681
2022-10-17,1342,swing,expected_rr_below_1p5,80.948,69.74300000000001,93.09019999999998,1.0836412315930393
2022-10-17,3454,swing,expected_rr_below_1p5,140.14,119.795,161.16099999999997,1.033226837060703
2022-10-21,2062,swing,expected_rr_below_1p5,22.54,19.9335,25.920999999999996,1.2971417609821585
2022-10-28,6669,swing,expected_rr_below_1p5,719.3199999999999,598.49,827.2179999999998,0.8929735992717038
2022-11-01,2492,swing,expected_rr_below_1p5,79.87,69.74300000000001,91.8505,1.183025575195023
2022-11-02,4142,swing,expected_rr_below_1p5,34.153,30.700499999999998,39.275949999999995,1.4838377986965952
2022-11-03,4155,swing,expected_rr_below_1p5,24.401999999999997,21.6795,28.062299999999993,1.3444628099173555
2022-11-04,2913,swing,expected_rr_below_1p5,22.148,19.6425,25.4702,1.325962881660346
2022-11-21,1736,swing,expected_rr_below_1p5,71.932,61.885999999999996,82.7218,1.0740394186740985
2022-11-22,1736,swing,expected_rr_below_1p5,76.342,61.885999999999996,87.79329999999999,0.7921485888212497
2022-12-07,2236,swing,expected_rr_below_1p5,21.756,19.4,25.019399999999997,1.3851443123938858
2022-12-28,4968,swing,expected_rr_below_1p5,121.03,106.215,139.18449999999999,1.225413432332095
2023-01-16,6782,swing,expected_rr_below_1p5,315.56,275.965,362.89399999999995,1.1954539714610408
2023-02-16,2610,swing,expected_rr_below_1p5,20.58,18.0905,23.666999999999994,1.2400080337417139
2023-03-09,6139,short,expected_rr_below_1p5,45.961999999999996,42.528,49.63896,1.0707513104251614
2023-03-20,1529,swing,expected_rr_below_1p5,26.509,22.31,30.485349999999997,0.9469754703500821
2023-03-23,0050,swing,expected_rr_below_1p5,119.413,28.384625,137.32494999999997,0.19677325888768174
2023-03-31,2731,short,expected_rr_below_1p5,147.98,136.32,159.8184,1.0153001715265875
2023-04-28,2424,swing,expected_rr_below_1p5,23.275,20.855,26.766249999999996,1.4426652892561984
2023-05-02,8422,swing,expected_rr_below_1p5,188.16,17.9935,216.384,0.16586108311565434
2023-05-10,8085,short,expected_rr_below_1p5,35.28,32.303999999999995,38.1024,0.9483870967741922
2023-05-11,8085,short,expected_rr_below_1p5,36.75,32.303999999999995,39.690000000000005,0.6612685560053985
2023-05-12,8081,swing,expected_rr_below_1p5,187.67,168.78,215.82049999999998,1.4902329274748551
2023-05-31,2514,swing,expected_rr_below_1p5,18.179000000000002,16.102,20.90585,1.3128791526239754
2023-05-31,6215,swing,expected_rr_below_1p5,29.694,25.898999999999997,34.1481,1.1736758893280628
2023-06-02,6409,short,expected_rr_below_1p5,1960.0,1800.0,2116.8,0.9800000000000011
2023-06-05,6409,short,expected_rr_below_1p5,2028.6,1800.0,2190.888,0.70992125984252
2023-06-21,3481,short,expected_rr_below_1p5,16.169999999999998,14.975999999999999,17.4636,1.0834170854271377
2023-07-04,6591,swing,expected_rr_below_1p5,51.744,51.797999999999995,59.505599999999994,-inf
2023-07-24,4989,swing,expected_rr_below_1p5,28.714,25.4625,33.0211,1.3246501614639392
2023-07-26,1442,swing,expected_rr_below_1p5,34.446999999999996,30.555,39.61404999999999,1.327607913669065
2023-09-25,6139,swing,expected_rr_below_1p5,99.47,84.681,114.39049999999999,1.0088917438636817
2023-09-25,2368,swing,expected_rr_below_1p5,206.78,184.29999999999998,237.797,1.379759786476867
2023-09-26,6139,swing,expected_rr_below_1p5,109.27,84.681,125.66049999999998,0.6665785513847651
2023-10-03,3122,short,expected_rr_below_1p5,38.563,33.792,41.64804000000001,0.6466233494026422
2023-10-03,4967,swing,expected_rr_below_1p5,71.05,63.05,81.7075,1.3321874999999999
2023-10-04,3530,swing,expected_rr_below_1p5,79.478,70.422,91.39969999999998,1.3164421378091862
2023-10-06,9802,swing,expected_rr_below_1p5,131.32,115.42999999999999,151.01799999999997,1.2396475770925097
2023-10-20,1721,swing,expected_rr_below_1p5,14.308,12.706999999999999,16.4542,1.3405371642723294
2023-10-24,8110,swing,expected_rr_below_1p5,16.023,12.706999999999999,18.42645,0.7248039806996378
2023-10-31,6191,swing,expected_rr_below_1p5,60.368,52.282999999999994,69.4232,1.1199999999999979
2023-10-31,3338,swing,expected_rr_below_1p5,58.702,51.992,67.50729999999999,1.3122652757078968
2023-11-16,4401,short,expected_rr_below_1p5,27.783,25.872,30.005640000000003,1.1630769230769233
2023-11-17,4401,short,expected_rr_below_1p5,28.076999999999998,25.872,30.32316,1.0186666666666688
2023-12-13,1524,short,expected_rr_below_1p5,37.191,35.04,40.16628000000001,1.3832078103207812
2023-12-19,8011,short,expected_rr_below_1p5,22.883000000000003,21.456,24.713640000000005,1.2828591450595643
2023-12-21,2031,short,expected_rr_below_1p5,60.466,56.16,65.30328,1.1233813283790048
2023-12-22,2421,swing,expected_rr_below_1p5,103.88,90.695,119.46199999999999,1.1817974971558582
2023-12-22,3305,swing,expected_rr_below_1p5,73.99,65.96,85.08849999999998,1.3821295143212933
2023-12-26,0050,swing,expected_rr_below_1p5,131.565,31.525,151.29975,0.19726859256297474
2024-03-05,2013,swing,expected_rr_below_1p5,57.428,50.730999999999995,66.0422,1.286277437658652
2024-03-14,2528,short,expected_rr_below_1p5,41.356,39.072,44.664480000000005,1.4485464098073575
2024-03-18,4766,swing,expected_rr_below_1p5,326.83,280.33,375.8545,1.054290322580645
2024-03-21,3498,short,expected_rr_below_1p5,40.131,36.96,43.341480000000004,1.0124503311258293
2024-03-25,3498,short,expected_rr_below_1p5,40.131,36.96,43.341480000000004,1.0124503311258293
2024-03-27,6605,short,expected_rr_below_1p5,211.68,187.68,228.61440000000002,0.7056000000000004
2024-04-01,5209,short,expected_rr_below_1p5,207.27,193.44,223.85160000000002,1.1989587852494572
2024-04-10,6431,swing,expected_rr_below_1p5,11.417,11.591499999999998,13.129549999999998,-inf
2024-04-19,3605,swing,expected_rr_below_1p5,39.396,34.1925,45.3054,1.1356586912654945
2024-04-23,6177,short,expected_rr_below_1p5,49.098,46.08,53.02584,1.3014711729622275
2024-04-23,2206,swing,expected_rr_below_1p5,79.87,70.519,91.8505,1.2811998716714783
2024-04-24,2618,swing,expected_rr_below_1p5,33.858999999999995,30.0215,38.93784999999999,1.323478827361564
2024-05-22,1227,short,expected_rr_below_1p5,41.993,39.696,45.35244000000001,1.4625337396604268
2024-05-23,3338,short,expected_rr_below_1p5,83.78999999999999,77.568,90.4932,1.0773384763741587
2024-05-24,1799,short,expected_rr_below_1p5,102.89999999999999,91.67999999999999,111.132,0.7336898395721938
2024-06-03,2328,short,expected_rr_below_1p5,39.2,37.104,42.336000000000006,1.496183206106869
2024-06-07,2537,short,expected_rr_below_1p5,23.421999999999997,20.496000000000002,25.295759999999998,0.6403827751196186
2024-06-12,1475,swing,expected_rr_below_1p5,63.30799999999999,54.611,72.80419999999998,1.0918937564677467
2024-06-19,6216,short,expected_rr_below_1p5,50.666000000000004,44.64,54.719280000000005,0.6726319283106537
2024-07-02,8440,short,expected_rr_below_1p5,58.702,52.8,63.398160000000004,0.7956895967468663
2024-07-03,8440,short,expected_rr_below_1p5,59.878,52.8,64.66824,0.6767787510596207
2024-07-15,5309,short,expected_rr_below_1p5,42.091,39.12,45.45828,1.1333826994278011
2024-07-16,5309,short,expected_rr_below_1p5,42.434,39.12,45.82872,1.024357272178636
2024-07-18,3022,short,expected_rr_below_1p5,96.236,88.512,103.93488,0.9967477990678404
2024-09-02,3092,swing,expected_rr_below_1p5,32.438,26.0445,37.3037,0.7610385547821998
2024-09-03,4989,swing,expected_rr_below_1p5,21.805,19.2545,25.07575,1.2823956087041757
2024-10-01,5288,swing,expected_rr_below_1p5,206.29,184.29999999999998,237.23349999999996,1.407162346521144
2024-11-08,1308,swing,expected_rr_below_1p5,18.13,15.956499999999998,20.849499999999995,1.251207729468597
2024-12-02,6005,swing,expected_rr_below_1p5,23.226,20.8065,26.709899999999998,1.4399256044637319
2024-12-03,6988,swing,expected_rr_below_1p5,24.401999999999997,21.922,28.062299999999993,1.4759274193548388
2024-12-11,6215,swing,expected_rr_below_1p5,63.21,55.387,72.69149999999999,1.2120030678767721
2024-12-12,6215,swing,expected_rr_below_1p5,69.482,55.387,79.90429999999999,0.73943242284498
2024-12-27,4106,swing,expected_rr_below_1p5,26.019000000000002,23.28,29.92185,1.4249178532311049
2025-01-07,3515,swing,expected_rr_below_1p5,250.39,221.16,287.94849999999997,1.284929866575436
2025-02-11,8096,short,expected_rr_below_1p5,58.506,50.016,63.18648,0.5512932862190815
2025-02-12,1536,swing,expected_rr_below_1p5,67.228,57.035999999999994,77.31219999999999,0.9894230769230765
2025-02-18,8422,swing,expected_rr_below_1p5,181.29999999999998,17.314500000000002,208.49499999999998,0.16583783322305934
2025-03-24,2302,short,expected_rr_below_1p5,23.324,21.36,25.189920000000004,0.9500610997963344
2025-04-01,8162,swing,expected_rr_below_1p5,36.015,36.666,41.417249999999996,-inf
2025-04-01,6552,swing,expected_rr_below_1p5,31.261999999999997,32.689,35.951299999999996,-inf
2025-06-02,2305,swing,expected_rr_below_1p5,11.27,9.893999999999998,12.960499999999998,1.2285610465116257
2025-07-02,8422,swing,expected_rr_below_1p5,186.2,17.314500000000002,214.12999999999997,0.16537831844652134
2025-07-07,3011,swing,expected_rr_below_1p5,13.475,11.058,15.496249999999998,0.8362639635912282
2025-07-30,8422,swing,expected_rr_below_1p5,187.67,17.945,215.82049999999998,0.16585947856827218
2025-08-08,2630,short,expected_rr_below_1p5,46.06,42.239999999999995,49.744800000000005,0.9646073298429307
2025-08-11,2630,short,expected_rr_below_1p5,50.666000000000004,42.239999999999995,54.719280000000005,0.4810443864229761
2025-09-18,4939,short,expected_rr_below_1p5,25.235,23.759999999999998,27.253800000000002,1.3686779661016952
2025-09-22,3060,short,expected_rr_below_1p5,25.039,22.368,27.042120000000004,0.7499513290902285
2025-09-26,6589,swing,expected_rr_below_1p5,65.366,58.199999999999996,75.17089999999999,1.3682528607312285
2025-09-30,9910,swing,expected_rr_below_1p5,120.53999999999999,107.67,138.62099999999998,1.404895104895105
2025-10-13,6139,short,expected_rr_below_1p5,415.52,387.84,448.7616,1.2009248554913294
2025-10-15,2597,swing,expected_rr_below_1p5,169.54,145.98499999999999,194.97099999999998,1.0796433878157494
2025-10-20,3002,short,expected_rr_below_1p5,24.5,22.368,26.46,0.919324577861163
2025-10-22,3002,short,expected_rr_below_1p5,23.666999999999998,22.368,25.56036,1.4575519630485003
2025-10-29,8466,swing,expected_rr_below_1p5,24.009999999999998,21.534,27.611499999999996,1.454563812600969
2025-10-29,6933,swing,expected_rr_below_1p5,179.34,158.10999999999999,206.24099999999999,1.2671219971738088
2025-11-25,2467,swing,expected_rr_below_1p5,189.14,164.9,217.51099999999997,1.170420792079208
2025-11-27,8048,short,expected_rr_below_1p5,66.346,60.576,71.65368000000001,0.9198752166377819
2026-03-02,6679,short,expected_rr_below_1p5,223.44,205.92,241.3152,1.0202739726027394
2026-03-03,6715,short,expected_rr_below_1p5,184.73,170.88,199.5084,1.06703249097473
2026-03-10,1310,short,expected_rr_below_1p5,10.878,10.271999999999998,11.748240000000001,1.4360396039603935
2026-03-11,1310,short,expected_rr_below_1p5,11.074,10.271999999999998,11.95992,1.1046384039900237
2026-04-20,7556,short,expected_rr_below_1p5,286.15999999999997,253.44,309.0528,0.6996577017114928
2026-04-28,4933,short,expected_rr_below_1p5,71.05,65.664,76.73400000000001,1.0553286297809166
2026-05-11,4561,short,expected_rr_below_1p5,50.568,47.519999999999996,54.613440000000004,1.3272440944881903
2026-05-18,7610,short,expected_rr_below_1p5,1009.4,881.28,1090.152,0.6302841086481429
2026-05-19,3504,short,expected_rr_below_1p5,76.636,71.80799999999999,82.76688,1.2698591549295777
2026-06-01,5484,short,expected_rr_below_1p5,52.528,47.184,56.73024,0.786347305389222
2026-06-03,6269,short,expected_rr_below_1p5,75.95,70.08,82.02600000000001,1.0350936967632032
2026-06-03,8215,short,expected_rr_below_1p5,31.948,30.144,34.503840000000004,1.4167627494456765
2026-06-05,8454,short,expected_rr_below_1p5,345.94,280.32,373.6152,0.4217494666260289
2026-06-05,6155,short,expected_rr_below_1p5,77.714,67.96799999999999,83.93112,0.6379150420685412
2026-06-08,8454,short,expected_rr_below_1p5,380.24,280.32,410.65920000000006,0.3044355484387514
2026-06-09,8454,short,expected_rr_below_1p5,417.96999999999997,280.32,451.4076,0.24291754449691272
2026-06-10,8454,short,expected_rr_below_1p5,440.51,280.32,475.7508,0.2199937574130722
2026-06-12,1342,short,expected_rr_below_1p5,115.14999999999999,99.84,124.362,0.6016982364467675
2026-07-09,6416,short,expected_rr_below_1p5,96.432,90.04799999999999,104.14656000000001,1.208421052631577
2026-07-13,1434,short,expected_rr_below_1p5,18.13,17.088,19.5804,1.391938579654515
2026-07-15,6416,short,expected_rr_below_1p5,99.47,90.04799999999999,107.42760000000001,0.844576523031204
2026-08-19,3498,short,expected_rr_below_1p5,186.69,161.76,201.6252,0.5990854392298438
