trade_date,market,stock_id,name,open,high,low,close,volume,trading_value
2026-09-03,TPEX,1240,茂生農經,55.0,55.6,54.0,55.0,62502,3403228
2026-09-03,TPEX,1259,安心,63.6,63.6,63.6,63.6,2164,137414
2026-09-03,TPEX,1264,德麥,252.5,252.5,252.0,252.0,8067,2035367
2026-09-03,TPEX,1268,漢來美食,181.5,182.0,180.0,181.5,92852,16802214
2026-09-03,TPEX,1294,漢田生技,53.2,53.5,53.1,53.4,21241,1130943
2026-09-03,TPEX,1295,生合,45.45,45.45,45.35,45.35,23907,1085976
2026-09-03,TPEX,1336,台翰,16.55,16.75,16.1,16.1,368065,6015633
2026-09-03,TPEX,1565,精華,100.5,101.0,98.6,99.5,97789,9757463
2026-09-03,TPEX,1569,濱川,48.0,48.1,45.15,45.4,689392,32049866
2026-09-03,TPEX,1570,力肯,33.1,33.1,32.9,33.0,38056,1253823
2026-09-03,TPEX,1580,新麥,103.0,103.5,102.5,103.0,26107,2690858
2026-09-03,TPEX,1584,精剛,18.25,18.35,17.95,18.1,294717,5338089
2026-09-03,TPEX,1586,和勤,18.2,18.2,17.95,18.0,146781,2649493
2026-09-03,TPEX,1591,駿吉-KY,36.9,36.9,35.4,35.4,247197,8844700
2026-09-03,TPEX,1593,祺驊,31.6,31.6,31.6,31.6,20170,637380
2026-09-03,TPEX,1595,川寶,74.2,75.0,67.2,70.0,2149500,151162778
2026-09-03,TPEX,1599,宏佳騰,22.8,23.15,22.75,23.05,15186,348109
2026-09-03,TPEX,1742,台蠟,18.05,18.05,17.6,17.6,103543,1837346
2026-09-03,TPEX,1777,生泰,74.3,74.3,73.7,74.3,39100,2891761
2026-09-03,TPEX,1780,立弘,24.55,24.55,24.25,24.3,6950,169027
2026-09-03,TPEX,1781,合世,10.45,10.45,10.2,10.2,13044,133822
2026-09-03,TPEX,1784,訊聯,60.3,60.3,58.9,59.1,79331,4712015
2026-09-03,TPEX,1785,光洋科,104.0,105.0,100.0,100.0,4803070,489025115
2026-09-03,TPEX,1788,杏昌,129.0,129.0,128.5,128.5,9040,1164753
2026-09-03,TPEX,1796,金穎生技,30.2,30.2,30.2,30.2,2319,70040
2026-09-03,TPEX,1799,易威,30.1,30.2,29.75,29.75,174060,5201138
2026-09-03,TPEX,1813,寶利徠,11.4,11.5,11.4,11.4,7626,87259
2026-09-03,TPEX,1815,富喬,132.0,139.5,118.0,120.0,121465413,15545831620
2026-09-03,TPEX,2035,唐榮,26.6,26.6,26.6,26.6,2003,53276
2026-09-03,TPEX,2061,風青,56.0,57.0,51.9,51.9,2554735,139373594
2026-09-03,TPEX,2063,世鎧,24.15,24.15,23.9,24.0,15054,361101
2026-09-03,TPEX,2064,晉椿,,,,,0,0
2026-09-03,TPEX,2065,世豐,36.2,36.35,36.1,36.25,37789,1368625
2026-09-03,TPEX,2066,世德,54.1,54.2,53.3,53.3,33325,1796847
2026-09-03,TPEX,2067,嘉鋼,4.84,4.84,4.6,4.83,35010,163678
2026-09-03,TPEX,2070,精湛,67.0,67.9,65.3,65.3,160249,10665458
2026-09-03,TPEX,2073,雄順,26.6,26.6,26.6,26.6,2109,56088
2026-09-03,TPEX,2221,大甲,84.2,91.5,84.2,91.5,4853896,432799624
2026-09-03,TPEX,2230,泰茂,22.65,22.7,22.0,22.0,59932,1341756
2026-09-03,TPEX,2235,謚源,27.5,27.85,27.5,27.85,4016,110766
2026-09-03,TPEX,2596,綠意,35.9,36.3,35.8,36.05,129628,4674504
2026-09-03,TPEX,2640,大車隊,157.0,157.0,156.5,156.5,16579,2597349
2026-09-03,TPEX,2641,正德,18.4,18.6,18.05,18.1,3983061,73054307
2026-09-03,TPEX,2643,捷迅,62.6,62.6,62.6,62.6,2191,136721
2026-09-03,TPEX,2718,全心投控,42.75,42.75,41.3,41.5,26512,1104690
2026-09-03,TPEX,2719,燦星旅,20.35,20.35,19.7,19.8,18010,359248
2026-09-03,TPEX,2724,藝舍-KY,10.45,10.45,10.4,10.4,11050,114990
2026-09-03,TPEX,2726,雅茗-KY,8.4,8.4,8.03,8.21,8383,68687
2026-09-03,TPEX,2729,瓦城,155.5,155.5,155.0,155.5,10761,1670516
2026-09-03,TPEX,2732,六角,63.5,63.7,62.2,63.0,25598,1616935
2026-09-03,TPEX,2734,易飛網,14.95,14.95,14.8,14.9,20119,300520
2026-09-03,TPEX,2736,富野,11.6,11.65,11.4,11.55,63233,729732
2026-09-03,TPEX,2740,華軒,30.7,30.7,30.6,30.6,4049,122974
2026-09-03,TPEX,2743,山富,58.6,58.9,58.0,58.5,61858,3625301
2026-09-03,TPEX,2745,五福,87.9,87.9,87.0,87.0,54540,4774105
2026-09-03,TPEX,2751,王座,52.8,52.8,51.3,51.3,6052,312792
2026-09-03,TPEX,2752,豆府,176.5,177.0,176.0,176.5,10977,1940998
2026-09-03,TPEX,2754,亞洲藏壽司,68.4,69.0,68.4,68.6,17217,1183746
2026-09-03,TPEX,2755,揚秦,102.0,102.5,102.0,102.5,5609,572752
2026-09-03,TPEX,2756,聯發國際,62.3,63.3,62.2,62.9,9172,573249
2026-09-03,TPEX,2916,滿心,40.0,40.0,39.9,40.0,34200,1367000
2026-09-03,TPEX,2924,宏太-KY,17.45,17.45,16.2,16.85,11029,182337
2026-09-03,TPEX,2926,誠品生活,30.7,30.7,30.5,30.5,5119,156862
2026-09-03,TPEX,2937,集雅社,44.1,44.1,44.1,44.1,1236,54489
2026-09-03,TPEX,2941,米斯特,,,,,0,0
2026-09-03,TPEX,2947,振宇五金,61.5,61.5,61.5,61.5,26137,1607892
2026-09-03,TPEX,2948,寶陞,38.2,38.2,36.8,36.8,3178,118345
2026-09-03,TPEX,2949,欣新網,,,,,0,0
2026-09-03,TPEX,3064,泰偉,,,,,4,83
2026-09-03,TPEX,3066,李洲,26.2,26.9,24.75,24.75,1821221,46849544
2026-09-03,TPEX,3067,全域,17.15,17.15,17.15,17.15,1000,17150
2026-09-03,TPEX,3071,協禧,24.7,24.7,23.95,24.35,179103,4347185
2026-09-03,TPEX,3073,天方能源,21.75,22.75,21.75,22.6,40533,892638
2026-09-03,TPEX,3078,僑威,47.85,48.0,46.0,46.0,1416961,66302334
2026-09-03,TPEX,3081,聯亞,3425.0,3485.0,3110.0,3120.0,4200728,13789356315
2026-09-03,TPEX,3083,網龍,23.25,23.25,22.95,23.05,19298,444691
2026-09-03,TPEX,3085,新零售,11.2,11.2,10.85,10.85,7449,81715
2026-09-03,TPEX,3086,華義*,31.15,31.15,30.0,30.0,129849,3929053
2026-09-03,TPEX,3088,艾訊,124.5,124.5,120.0,120.0,778834,94814130
2026-09-03,TPEX,3093,港建*,47.05,47.5,45.6,45.6,311937,14509304
2026-09-03,TPEX,3095,及成,35.0,35.15,34.95,35.15,4290,150185
2026-09-03,TPEX,3105,穩懋,478.0,490.0,440.0,446.5,41028057,19154924804
2026-09-03,TPEX,3114,好德,32.5,32.85,30.6,30.6,660751,20662626
2026-09-03,TPEX,3115,富榮綱,8.61,8.61,8.61,8.61,2007,17276
2026-09-03,TPEX,3118,進階,31.85,31.85,31.5,31.5,31636,1002468
2026-09-03,TPEX,3122,笙泉,25.15,25.55,25.0,25.15,112527,2829470
2026-09-03,TPEX,3128,昇銳,20.25,20.45,20.05,20.05,118661,2399314
2026-09-03,TPEX,3131,弘塑,2440.0,2470.0,2365.0,2365.0,344010,828176570
2026-09-03,TPEX,3141,晶宏,99.5,105.0,97.5,100.0,21370258,2150335257
2026-09-03,TPEX,3147,大綜,221.0,223.0,215.0,215.0,348382,76022582
2026-09-03,TPEX,3152,璟德,244.0,245.0,232.5,232.5,117707,27901085
2026-09-03,TPEX,3158,嘉實,83.5,83.6,83.5,83.6,2043,170705
2026-09-03,TPEX,3162,精確,72.4,78.3,71.5,71.5,4168003,315240426
2026-09-03,TPEX,3163,波若威,779.0,780.0,720.0,720.0,1077181,801092397
2026-09-03,TPEX,3169,亞信,109.5,111.5,104.5,105.0,535183,57134650
2026-09-03,TPEX,3171,炎洲流通,63.7,63.7,62.5,62.7,19063,1197076
2026-09-03,TPEX,3176,基亞,35.35,35.4,34.95,35.0,333796,11731635
2026-09-03,TPEX,3178,公準,63.0,63.7,60.7,60.8,56095,3476682
2026-09-03,TPEX,3188,鑫龍騰,24.55,24.55,24.25,24.35,112578,2747779
2026-09-03,TPEX,3191,雲嘉南,17.25,17.45,17.25,17.45,7002,121186
2026-09-03,TPEX,3205,佰研,47.4,47.45,46.45,47.05,75172,3518116
2026-09-03,TPEX,3206,志豐,34.25,34.5,33.95,33.95,30205,1032757
2026-09-03,TPEX,3207,耀勝,40.25,41.3,39.3,40.2,158217,6370903
2026-09-03,TPEX,3211,順達,394.5,396.5,375.0,375.0,6298344,2417983257
2026-09-03,TPEX,3213,茂訊,127.0,127.5,126.0,127.0,216429,27422108
2026-09-03,TPEX,3217,優群,136.0,136.5,133.5,134.0,462042,62306643
2026-09-03,TPEX,3218,大學光,140.5,141.5,138.0,138.0,193904,26976072
2026-09-03,TPEX,3219,倚強科,91.6,93.3,89.1,90.5,907688,82795245
2026-09-03,TPEX,3221,台嘉碩,51.0,51.3,48.0,48.05,2464975,122137916
2026-09-03,TPEX,3224,三顧,35.0,35.0,33.95,34.25,27100,923574
2026-09-03,TPEX,3226,龍鋒,54.0,54.0,52.5,52.5,13000,695500
2026-09-03,TPEX,3227,原相,195.5,196.5,191.5,191.5,556391,107546765
2026-09-03,TPEX,3228,金麗科,184.5,184.5,171.0,171.0,279944,49531476
2026-09-03,TPEX,3230,錦明,44.1,44.45,42.7,42.7,454558,19621142
2026-09-03,TPEX,3232,昱捷,19.55,19.65,19.5,19.6,26006,508876
2026-09-03,TPEX,3234,光環,211.0,214.0,193.5,194.5,6383448,1302157266
2026-09-03,TPEX,3236,千如,44.1,44.3,42.0,42.0,1274466,54828270
2026-09-03,TPEX,3252,海灣,15.5,15.5,15.5,15.5,1000,15500
2026-09-03,TPEX,3259,鑫創,,,,,1085,14370
2026-09-03,TPEX,3260,威剛,417.0,419.5,394.0,395.0,10472516,4249454241
2026-09-03,TPEX,3264,欣銓,237.0,237.0,226.0,226.0,4273915,985878264
2026-09-03,TPEX,3265,台星科,179.5,179.5,172.5,173.0,1591706,278399644
2026-09-03,TPEX,3268,海德威,17.5,17.6,17.35,17.45,16063,280354
2026-09-03,TPEX,3272,東碩,14.65,14.65,14.1,14.2,50761,722714
2026-09-03,TPEX,3276,宇環,14.2,14.4,14.05,14.05,104302,1478371
2026-09-03,TPEX,3284,太普高,21.1,21.15,20.6,20.6,47094,976457
2026-09-03,TPEX,3285,微端,43.5,43.5,41.0,41.0,32256,1343027
2026-09-03,TPEX,3287,廣寰科,37.35,37.55,36.6,36.6,247563,9174153
2026-09-03,TPEX,3288,點晶,20.85,20.85,20.8,20.85,6025,125421
2026-09-03,TPEX,3289,宜特,142.0,144.5,137.5,138.0,613976,86313570
2026-09-03,TPEX,3290,東浦,49.0,49.0,46.45,46.55,851512,40338580
2026-09-03,TPEX,3293,鈊象,705.0,710.0,702.0,703.0,1347688,950654098
2026-09-03,TPEX,3294,英濟,30.45,31.2,29.55,29.55,491288,14794768
2026-09-03,TPEX,3297,杭特,27.65,27.9,26.85,26.9,51074,1394363
2026-09-03,TPEX,3303,岱稜,51.7,52.2,51.3,51.3,223510,11572652
2026-09-03,TPEX,3306,鼎天,45.0,45.0,44.35,44.6,75214,3352708
2026-09-03,TPEX,3310,佳穎,69.1,69.1,68.6,69.1,17045,1177208
2026-09-03,TPEX,3313,斐成,10.95,11.0,10.65,10.85,123732,1327578
2026-09-03,TPEX,3317,尼克森,62.8,63.5,61.0,61.0,641314,39967848
2026-09-03,TPEX,3322,建舜電,11.2,11.35,11.15,11.15,172850,1943233
2026-09-03,TPEX,3323,加百裕,29.45,29.5,28.55,28.55,398881,11530721
2026-09-03,TPEX,3324,雙鴻,1435.0,1455.0,1320.0,1350.0,2235101,3064752545
2026-09-03,TPEX,3325,旭品,11.25,11.25,11.15,11.15,61946,694120
2026-09-03,TPEX,3332,幸康,61.0,61.0,60.8,61.0,10173,620349
2026-09-03,TPEX,3339,泰谷,46.0,46.3,42.05,42.1,3814803,168028117
2026-09-03,TPEX,3349,寶德,22.8,22.8,22.15,22.5,78000,1746200
2026-09-03,TPEX,3354,律勝,26.25,26.6,24.15,24.15,1268588,32204313
2026-09-03,TPEX,3357,臺慶科,210.5,211.0,203.0,203.0,968398,200274908
2026-09-03,TPEX,3360,尚立,15.3,15.35,14.8,14.8,648029,9714547
2026-09-03,TPEX,3362,先進光,212.5,213.0,198.0,198.0,1253239,255332921
2026-09-03,TPEX,3363,上詮,798.0,850.0,767.0,774.0,9068022,7383932322
2026-09-03,TPEX,3372,典範,15.05,15.25,14.6,14.6,429809,6360554
2026-09-03,TPEX,3373,熱映,16.45,16.45,16.35,16.4,24112,395428
2026-09-03,TPEX,3374,精材,420.0,424.0,393.0,400.0,4738737,1926694488
2026-09-03,TPEX,3379,彬台,29.3,29.75,28.5,28.5,95014,2736297
2026-09-03,TPEX,3388,崇越電,90.8,91.6,88.0,88.0,1024722,91642949
2026-09-03,TPEX,3390,旭軟,22.2,22.45,21.8,21.8,200067,4418174
2026-09-03,TPEX,3402,漢科,121.0,123.0,120.0,120.0,219526,26635138
2026-09-03,TPEX,3430,奇鈦科,110.5,111.5,105.5,105.5,274518,29674817
2026-09-03,TPEX,3434,哲固,29.55,29.7,29.5,29.5,63620,1881413
2026-09-03,TPEX,3438,類比科,68.1,68.2,65.7,66.0,389974,26191657
2026-09-03,TPEX,3441,聯一光,142.0,144.0,130.0,130.0,3294148,449669852
2026-09-03,TPEX,3444,利機,84.1,84.7,81.0,81.0,291705,24313844
2026-09-03,TPEX,3455,由田,260.0,273.5,239.0,239.0,3987896,1005696998
2026-09-03,TPEX,3465,進泰電子,29.2,29.2,29.1,29.1,23140,673610
2026-09-03,TPEX,3466,德晉,25.1,25.25,24.2,24.7,177986,4368105
2026-09-03,TPEX,3467,台灣精材,49.95,51.9,49.5,51.8,175870,8901506
2026-09-03,TPEX,3479,安勤,124.0,125.0,122.0,122.0,429810,52834202
2026-09-03,TPEX,3483,力致,83.6,83.6,78.1,78.2,779352,62371066
2026-09-03,TPEX,3484,崧騰,49.0,49.0,46.9,46.9,444951,21199995
2026-09-03,TPEX,3485,敘豐,218.5,219.5,210.0,210.0,93210,19895072
2026-09-03,TPEX,3489,森寶,22.75,22.95,22.6,22.75,68116,1549020
2026-09-03,TPEX,3490,單井,46.5,47.45,44.8,44.95,3916756,179355634
2026-09-03,TPEX,3491,昇達科,1445.0,1485.0,1375.0,1405.0,1860192,2667689670
2026-09-03,TPEX,3492,長盛,19.3,19.35,19.25,19.25,56324,1086481
2026-09-03,TPEX,3498,陽程,216.0,221.5,191.0,192.0,6645437,1363092269
2026-09-03,TPEX,3499,環天科,12.45,12.45,12.2,12.4,15796,195226
2026-09-03,TPEX,3508,位速,21.55,21.6,20.55,20.55,188112,3951530
2026-09-03,TPEX,3511,矽瑪,19.85,20.15,19.65,19.65,249731,4962667
2026-09-03,TPEX,3512,皇龍,19.7,19.7,19.5,19.65,12151,238424
2026-09-03,TPEX,3516,亞帝歐,26.2,26.2,25.5,26.15,746081,19315869
2026-09-03,TPEX,3520,華盈,17.45,17.55,17.3,17.3,91165,1584445
2026-09-03,TPEX,3521,台鋼建設,12.05,12.2,12.05,12.05,17525,211782
2026-09-03,TPEX,3522,御嵿,11.8,11.85,11.7,11.8,76007,896229
2026-09-03,TPEX,3523,迎輝,15.1,15.1,15.1,15.1,1100,16600
2026-09-03,TPEX,3526,凡甲,286.0,286.5,280.0,280.0,250277,70872325
2026-09-03,TPEX,3527,聚積,52.0,52.6,51.2,51.2,113646,5916519
2026-09-03,TPEX,3529,力旺,2410.0,2485.0,2330.0,2330.0,1149229,2768292860
2026-09-03,TPEX,3531,先益,21.45,21.45,21.3,21.3,2296,49033
2026-09-03,TPEX,3537,堡達,55.0,55.4,52.4,52.4,381698,20526277
2026-09-03,TPEX,3540,曜越,24.15,24.25,23.2,23.2,837309,19732287
2026-09-03,TPEX,3541,西柏,21.8,21.8,21.55,21.55,17308,374831
2026-09-03,TPEX,3546,宇峻,71.2,72.1,71.2,71.3,114734,8212294
2026-09-03,TPEX,3548,兆利,85.2,85.8,80.8,81.0,362600,30116851
2026-09-03,TPEX,3551,世禾,183.0,183.5,176.0,176.0,271269,48794523
2026-09-03,TPEX,3552,同致,43.7,43.7,42.95,42.95,122527,5278468
2026-09-03,TPEX,3555,博士旺,195.5,199.5,185.5,185.5,80104,15426802
2026-09-03,TPEX,3556,禾瑞亞,63.1,63.4,61.4,61.4,198151,12329976
2026-09-03,TPEX,3558,神準,123.5,123.5,118.5,118.5,131558,15875399
2026-09-03,TPEX,3564,其陽,52.9,52.9,51.1,52.9,1770505,93418029
2026-09-03,TPEX,3567,逸昌,25.7,25.85,25.65,25.65,19189,493222
2026-09-03,TPEX,3570,大塚,164.0,164.0,162.5,162.5,10544,1717039
2026-09-03,TPEX,3577,泓格,114.0,115.5,109.0,109.5,470321,52525661
2026-09-03,TPEX,3580,友威科,89.0,93.0,85.2,85.5,878071,78025298
2026-09-03,TPEX,3581,博磊,113.5,115.5,107.0,107.0,494583,54782671
2026-09-03,TPEX,3587,閎康,265.0,269.5,249.5,249.5,929605,240232222
2026-09-03,TPEX,3594,磐儀,49.2,49.5,47.0,47.3,1101812,52882426
2026-09-03,TPEX,3597,映興,26.05,26.15,25.9,26.15,12110,314960
2026-09-03,TPEX,3609,三一東林,18.0,18.2,17.8,18.0,28030,504040
2026-09-03,TPEX,3611,鼎翰,184.0,184.5,183.0,183.0,18736,3441623
2026-09-03,TPEX,3615,安可,37.7,38.5,35.75,35.75,528223,19595746
2026-09-03,TPEX,3623,富晶通,23.3,24.3,23.3,24.0,131265,3140758
2026-09-03,TPEX,3624,光頡,89.5,89.9,84.8,84.8,3592227,313494372
2026-09-03,TPEX,3625,西勝,13.1,13.5,12.9,13.05,285445,3747680
2026-09-03,TPEX,3628,盈正,69.2,69.2,67.9,68.5,49326,3382957
2026-09-03,TPEX,3629,地心引力,18.85,19.85,18.85,19.85,2241,43477
2026-09-03,TPEX,3630,新鉅科,27.15,27.35,26.0,27.05,1386897,37118905
2026-09-03,TPEX,3631,晟楠,40.4,40.4,37.25,37.25,181536,7031346
2026-09-03,TPEX,3632,研勤,7.35,7.35,7.35,7.35,2921,21430
2026-09-03,TPEX,3646,艾恩特,23.95,23.95,23.65,23.8,7009,166612
2026-09-03,TPEX,3663,鑫科,63.4,64.8,60.2,60.4,863130,53827209
2026-09-03,TPEX,3664,安瑞-KY,9.05,9.17,8.5,9.1,234927,2139192
2026-09-03,TPEX,3666,光耀,24.9,25.0,24.9,25.0,4004,99999
2026-09-03,TPEX,3672,康聯訊,12.0,12.15,12.0,12.0,22001,264263
2026-09-03,TPEX,3675,德微,280.5,292.0,275.0,277.0,1371698,389545663
2026-09-03,TPEX,3680,家登,530.0,544.0,512.0,512.0,1871625,982957627
2026-09-03,TPEX,3684,榮昌,54.0,54.1,54.0,54.1,11941,644519
2026-09-03,TPEX,3685,元創精密,37.5,37.5,36.2,36.2,393832,14465726
2026-09-03,TPEX,3687,歐買尬,63.7,64.4,63.2,63.2,25478,1619569
2026-09-03,TPEX,3689,湧德,122.5,124.0,114.5,114.5,3867475,460711704
2026-09-03,TPEX,3691,碩禾,102.0,102.5,97.6,97.6,595557,59007179
2026-09-03,TPEX,3693,營邦,650.0,690.0,638.0,648.0,3231733,2141290461
2026-09-03,TPEX,3707,漢磊,62.6,63.4,60.5,60.5,3253985,201394911
2026-09-03,TPEX,3709,鑫聯大投控,66.5,67.2,64.8,64.9,476411,31403885
2026-09-03,TPEX,3710,連展投控,5.02,5.1,5.0,5.04,209422,1051785
2026-09-03,TPEX,3713,新晶投控,14.6,14.7,14.1,14.2,43001,613314
2026-09-03,TPEX,3718,中光電投控,85.0,86.0,77.2,78.3,3493120,283977207
2026-09-03,TPEX,4102,永日,19.15,19.2,19.0,19.2,23151,442852
2026-09-03,TPEX,4105,東洋,77.5,77.8,77.3,77.3,324494,25117855
2026-09-03,TPEX,4107,邦特,113.0,113.5,113.0,113.0,35622,4026648
2026-09-03,TPEX,4109,加捷生醫,11.15,11.2,10.95,11.0,237271,2621875
2026-09-03,TPEX,4111,濟生,28.75,28.75,28.6,28.65,25452,730143
2026-09-03,TPEX,4113,聯上,15.05,15.1,15.0,15.1,44362,667586
2026-09-03,TPEX,4114,健喬,29.75,29.85,29.6,29.6,449770,13358205
2026-09-03,TPEX,4116,明基醫,40.1,41.0,40.1,40.45,94011,3814220
2026-09-03,TPEX,4120,友華,46.5,47.25,45.1,45.7,23292,1070381
2026-09-03,TPEX,4121,優盛,12.95,13.0,12.85,12.85,46655,602772
2026-09-03,TPEX,4123,晟德,30.85,30.95,30.5,30.55,1999861,61175939
2026-09-03,TPEX,4126,太醫,77.6,78.1,77.5,78.1,23162,1804521
2026-09-03,TPEX,4127,天良,70.0,70.5,66.0,66.0,428920,28801523
2026-09-03,TPEX,4128,中天,14.85,14.9,14.5,14.55,1327401,19494183
2026-09-03,TPEX,4129,聯合,81.5,81.7,81.2,81.2,199084,16205199
2026-09-03,TPEX,4131,浩泰,30.75,30.75,30.75,30.75,1100,33810
2026-09-03,TPEX,4138,曜亞,52.0,53.0,52.0,52.7,43714,2299587
2026-09-03,TPEX,4139,馬光-KY,43.0,43.0,42.1,42.15,45003,1898273
2026-09-03,TPEX,4147,中裕,63.1,64.6,63.1,63.2,696348,44393291
2026-09-03,TPEX,4153,鈺緯,32.5,32.6,32.4,32.4,4171,135444
2026-09-03,TPEX,4154,樂威科-KY,12.5,12.5,12.5,12.5,5000,62500
2026-09-03,TPEX,4157,太景*-KY,8.96,8.97,8.75,8.75,476885,4225236
2026-09-03,TPEX,4160,訊聯基因,39.8,39.8,39.3,39.7,23982,948153
2026-09-03,TPEX,4161,聿新科,22.8,23.0,22.5,22.7,17783,404087
2026-09-03,TPEX,4162,智擎,58.0,58.4,57.6,57.8,214090,12408668
2026-09-03,TPEX,4163,鐿鈦,139.0,139.5,137.5,139.0,44910,6226622
2026-09-03,TPEX,4166,友霖,24.5,25.05,24.5,24.75,78534,1948607
2026-09-03,TPEX,4167,松瑞藥,19.5,19.5,19.0,19.0,935359,18000123
2026-09-03,TPEX,4168,醣聯,22.5,22.5,22.05,22.3,78729,1746404
2026-09-03,TPEX,4171,瑞基,16.95,16.95,16.8,16.8,20067,339049
2026-09-03,TPEX,4173,久裕,17.3,17.3,17.2,17.25,36771,635082
2026-09-03,TPEX,4174,浩鼎,25.45,25.45,24.6,24.6,494129,12298976
2026-09-03,TPEX,4175,杏一,51.9,51.9,51.6,51.6,9949,513643
2026-09-03,TPEX,4183,福永生技,,,,,0,0
2026-09-03,TPEX,4188,安克,14.2,14.6,14.05,14.05,141543,2031183
2026-09-03,TPEX,4192,杏國,18.65,18.8,18.5,18.5,48190,897094
2026-09-03,TPEX,4198,欣大健康,47.0,49.9,45.3,46.8,25080,1179369
2026-09-03,TPEX,4205,中華食,69.7,69.7,69.6,69.7,6236,434386
2026-09-03,TPEX,4207,環泰,20.55,20.55,20.3,20.35,22012,448688
2026-09-03,TPEX,4303,信立,36.3,36.65,35.5,35.5,1142774,41239778
2026-09-03,TPEX,4304,勝昱,20.6,20.6,19.6,19.6,16760,331432
2026-09-03,TPEX,4305,世坤,,,,,37,1627
2026-09-03,TPEX,4401,東隆興,14.35,14.35,14.0,14.1,33384,472212
2026-09-03,TPEX,4402,郡都開發,14.55,15.0,14.45,14.85,29502,432846
2026-09-03,TPEX,4406,新昕纖,9.95,9.95,9.9,9.9,4000,39700
2026-09-03,TPEX,4413,飛寶企業,19.95,20.0,19.6,20.0,28080,554200
2026-09-03,TPEX,4416,三圓,12.6,12.85,12.4,12.4,607332,7619686
2026-09-03,TPEX,4417,金洲,47.0,47.1,46.95,47.0,47176,2218157
2026-09-03,TPEX,4419,皇家美食,47.1,47.1,45.2,46.75,9023,412518
2026-09-03,TPEX,4420,光明,38.8,38.8,37.8,38.1,42177,1609273
2026-09-03,TPEX,4430,耀億,17.6,17.75,17.4,17.65,19273,337406
2026-09-03,TPEX,4432,銘旺實,15.85,15.85,15.6,15.6,5158,80765
2026-09-03,TPEX,4433,興采,18.85,18.85,18.8,18.8,16037,302306
2026-09-03,TPEX,4442,竣邦-KY,50.6,50.6,50.4,50.4,18046,910627
2026-09-03,TPEX,4502,健信,15.65,15.7,15.6,15.65,24000,376100
2026-09-03,TPEX,4503,金雨,24.35,24.35,23.3,23.3,331167,7889833
2026-09-03,TPEX,4506,崇友,122.0,123.0,122.0,122.0,46959,5732842
2026-09-03,TPEX,4510,高鋒,46.2,48.1,46.0,47.05,9556554,451848311
2026-09-03,TPEX,4513,福裕,16.25,16.3,16.0,16.0,225617,3636893
2026-09-03,TPEX,4523,永彰,24.1,24.1,23.65,23.8,44157,1049007
2026-09-03,TPEX,4527,方土霖,40.7,40.7,40.55,40.6,36946,1499933
2026-09-03,TPEX,4528,江興鍛,15.0,15.05,14.95,14.95,17421,261327
2026-09-03,TPEX,4529,淳紳,3.8,4.05,3.78,3.78,66636,260122
2026-09-03,TPEX,4530,天意能創,28.4,29.35,27.0,27.0,19317,540225
2026-09-03,TPEX,4533,協易機,26.55,26.55,25.6,25.6,792583,20476349
2026-09-03,TPEX,4534,慶騰,30.15,30.6,28.9,28.9,703299,20802806
2026-09-03,TPEX,4535,至興,28.05,28.05,27.5,27.5,6108,169571
2026-09-03,TPEX,4538,大詠城,18.0,18.0,17.6,17.7,14002,248719
2026-09-03,TPEX,4541,晟田,65.6,66.6,62.8,62.8,1374965,88234660
2026-09-03,TPEX,4542,科嶠,297.5,300.5,277.0,279.0,831107,241398748
2026-09-03,TPEX,4543,萬在,30.7,30.7,29.9,30.2,60478,1818228
2026-09-03,TPEX,4549,桓達,102.0,102.0,100.5,100.5,32428,3275410
2026-09-03,TPEX,4550,長佳,24.05,24.45,24.0,24.0,66151,1588394
2026-09-03,TPEX,4554,橙的,30.1,30.1,29.1,29.2,21427,629858
2026-09-03,TPEX,4556,旭然,70.4,70.4,66.0,66.3,218380,14938231
2026-09-03,TPEX,4558,寶緯,17.55,17.55,17.2,17.3,25127,434734
2026-09-03,TPEX,4561,健椿,44.0,44.6,42.65,42.7,201188,8791336
2026-09-03,TPEX,4563,百德,45.9,47.0,43.6,43.6,260828,11923272
2026-09-03,TPEX,4568,科際精密,39.6,39.6,39.2,39.2,5000,197350
2026-09-03,TPEX,4577,達航科技,88.0,92.8,86.8,87.0,722371,64430559
2026-09-03,TPEX,4580,捷流閥業,83.0,84.5,82.4,82.6,115498,9583858
2026-09-03,TPEX,4584,君帆,39.45,39.85,38.7,38.7,6432,251392
2026-09-03,TPEX,4609,唐鋒,4.25,4.25,4.25,4.25,2000,8500
2026-09-03,TPEX,4702,中美實,9.62,9.78,9.41,9.53,198809,1894496
2026-09-03,TPEX,4706,大恭,32.4,32.4,32.4,32.4,1000,32400
2026-09-03,TPEX,4707,磐亞,31.65,32.15,30.4,30.4,2328311,72329646
2026-09-03,TPEX,4711,永純,16.7,16.7,16.55,16.6,60479,1004870
2026-09-03,TPEX,4714,永捷,10.9,11.0,10.6,10.6,522913,5622758
2026-09-03,TPEX,4716,大立,17.45,17.5,17.05,17.1,1119361,19229487
2026-09-03,TPEX,4721,美琪瑪,74.0,74.4,71.8,71.9,417162,30456637
2026-09-03,TPEX,4726,永昕,24.2,24.2,23.95,23.95,73601,1769305
2026-09-03,TPEX,4728,雙美,,,,,37,14835
2026-09-03,TPEX,4729,熒茂,19.15,19.15,18.75,19.0,58550,1109649
2026-09-03,TPEX,4735,豪展,38.3,38.3,37.75,37.75,45340,1726145
2026-09-03,TPEX,4741,泓瀚,42.1,42.6,40.4,40.4,138391,5678183
2026-09-03,TPEX,4743,合一,45.5,45.6,44.75,44.75,1834821,82897770
2026-09-03,TPEX,4744,皇將,27.8,27.8,27.4,27.6,42569,1170927
2026-09-03,TPEX,4745,合富-KY,11.8,11.8,11.75,11.75,3238,38156
2026-09-03,TPEX,4747,強生*,24.6,25.3,24.55,24.85,82129,2046281
2026-09-03,TPEX,4749,新應材,795.0,797.0,758.0,759.0,601920,467616671
2026-09-03,TPEX,4754,國碳科,38.7,38.7,38.6,38.65,39642,1533475
2026-09-03,TPEX,4760,勤凱,273.0,275.5,258.0,258.0,479866,127130508
2026-09-03,TPEX,4767,誠泰科技,28.5,29.1,28.5,28.75,7050,202000
2026-09-03,TPEX,4768,晶呈科技,301.0,305.0,290.5,290.5,248208,73561952
2026-09-03,TPEX,4772,台特化,260.0,260.0,247.0,247.0,879267,219997871
2026-09-03,TPEX,4806,桂田文創,8.85,9.1,8.8,9.1,21089,186342
2026-09-03,TPEX,4903,聯光通,38.5,39.15,36.55,37.25,1867970,70853603
2026-09-03,TPEX,4905,台聯電,88.7,89.7,85.0,85.8,45861,4000625
2026-09-03,TPEX,4907,富宇,47.75,47.75,46.9,47.25,53361,2517631
2026-09-03,TPEX,4908,前鼎,220.0,229.5,200.5,204.5,2698705,585936843
2026-09-03,TPEX,4909,新復興,38.75,39.2,37.05,37.05,489090,18494497
2026-09-03,TPEX,4911,德英,29.4,30.0,29.2,29.85,8401,247752
2026-09-03,TPEX,4923,力士,53.9,53.9,50.0,50.4,269610,13906314
2026-09-03,TPEX,4924,欣厚-KY,9.97,10.9,9.97,10.9,281374,3015389
2026-09-03,TPEX,4931,新盛力,251.5,253.0,239.0,239.5,4404689,1080346769
2026-09-03,TPEX,4933,友輝,54.8,55.1,54.3,54.4,53130,2897062
2026-09-03,TPEX,4939,亞電,90.5,90.5,81.5,81.5,5681322,477318268
2026-09-03,TPEX,4946,辣椒,90.8,91.0,88.1,90.1,12042,1087802
2026-09-03,TPEX,4950,金耘國際,16.25,16.4,16.25,16.3,21104,344023
2026-09-03,TPEX,4951,精拓科,79.3,79.5,78.2,78.2,166840,13136645
2026-09-03,TPEX,4953,緯致,123.5,123.5,119.0,119.0,303730,36721139
2026-09-03,TPEX,4966,譜瑞-KY,580.0,582.0,558.0,558.0,1020912,579018853
2026-09-03,TPEX,4971,IET-KY,678.0,719.0,605.0,611.0,8591095,5796853618
2026-09-03,TPEX,4972,湯石照明,16.6,16.7,16.5,16.7,17308,286898
2026-09-03,TPEX,4973,廣穎,154.5,157.5,146.5,146.5,1623297,245223623
2026-09-03,TPEX,4974,亞泰,72.0,72.0,70.2,70.3,155283,10976436
2026-09-03,TPEX,4979,華星光,633.0,635.0,572.0,572.0,2780781,1671640376
2026-09-03,TPEX,4991,環宇-KY,536.0,560.0,480.5,484.5,13450089,7016522393
2026-09-03,TPEX,4995,晶達,50.6,50.6,50.3,50.4,36513,1841992
2026-09-03,TPEX,5009,榮剛,33.55,34.15,33.35,33.35,1298568,43806510
2026-09-03,TPEX,5011,久陽,18.55,18.6,18.25,18.45,137425,2526343
2026-09-03,TPEX,5013,強新,28.65,28.65,28.1,28.2,17500,494920
2026-09-03,TPEX,5014,建錩,10.05,10.15,10.05,10.05,232707,2341126
2026-09-03,TPEX,5015,華祺,22.1,22.1,22.05,22.05,10195,225128
2026-09-03,TPEX,5016,松和,24.5,24.8,24.5,24.8,15005,369724
2026-09-03,TPEX,5201,凱衛,25.8,25.95,25.8,25.9,52098,1345867
2026-09-03,TPEX,5202,力新,12.0,12.0,11.85,11.85,69321,827546
2026-09-03,TPEX,5205,中茂,20.6,20.6,20.6,20.6,4191,86305
2026-09-03,TPEX,5206,坤悅,23.35,23.55,23.35,23.35,167325,3916939
2026-09-03,TPEX,5209,新鼎,155.0,155.5,154.0,154.0,74978,11589524
2026-09-03,TPEX,5210,寶碩,29.0,29.2,28.65,28.65,168058,4855880
2026-09-03,TPEX,5211,蒙恬,19.4,19.4,19.2,19.2,5240,101010
2026-09-03,TPEX,5212,凌網,46.5,46.6,46.4,46.4,6034,280480
2026-09-03,TPEX,5213,亞昕,21.0,21.05,20.9,20.9,204339,4281845
2026-09-03,TPEX,5220,萬達光電,20.2,20.2,19.15,19.65,53391,1035430
2026-09-03,TPEX,5223,安力-KY,25.0,25.0,23.5,23.5,143111,3416729
2026-09-03,TPEX,5227,立凱-KY,30.9,31.3,30.2,30.2,194554,5973050
2026-09-03,TPEX,5228,鈺鎧,40.75,41.0,39.1,39.1,229593,9195805
2026-09-03,TPEX,5230,雷笛克光學,17.8,18.3,17.65,17.8,96115,1715903
2026-09-03,TPEX,5245,智晶,23.55,23.55,22.6,22.85,38500,878700
2026-09-03,TPEX,5251,天鉞電,26.95,26.95,26.05,26.05,66535,1762079
2026-09-03,TPEX,5263,智崴,98.2,102.0,97.6,98.3,263119,26201856
2026-09-03,TPEX,5272,笙科,17.35,17.35,16.9,16.9,31663,539870
2026-09-03,TPEX,5274,信驊,17735.0,18790.0,17360.0,17850.0,591321,10809530369
2026-09-03,TPEX,5276,達輝-KY,,,,,0,0
2026-09-03,TPEX,5278,尚凡*,24.6,24.6,24.25,24.3,27189,662229
2026-09-03,TPEX,5287,數字,136.5,136.5,135.5,136.0,51622,7019779
2026-09-03,TPEX,5289,宜鼎,1445.0,1455.0,1345.0,1345.0,1877723,2627131055
2026-09-03,TPEX,5291,邑昇,71.0,72.2,68.0,68.7,1435948,100814074
2026-09-03,TPEX,5299,杰力,98.0,98.4,94.7,94.7,267593,25903277
2026-09-03,TPEX,5301,寶得利,5.75,6.03,5.51,5.55,10000,56340
2026-09-03,TPEX,5302,太欣,10.45,10.45,10.15,10.2,346250,3539567
2026-09-03,TPEX,5309,系統電,53.0,53.3,50.7,50.7,1180189,60972606
2026-09-03,TPEX,5310,天剛,,,,,0,0
2026-09-03,TPEX,5312,寶島科,91.8,91.9,91.5,91.9,4666,428354
2026-09-03,TPEX,5314,世紀*,34.25,34.35,30.85,31.0,4412303,140846285
2026-09-03,TPEX,5315,光聯,18.9,19.0,18.75,18.75,197009,3713958
2026-09-03,TPEX,5321,美而快,77.0,79.7,75.5,76.4,876595,68069785
2026-09-03,TPEX,5324,士開,12.2,12.3,12.05,12.3,357374,4366956
2026-09-03,TPEX,5328,華容,61.1,61.9,59.0,59.0,3388099,204401325
2026-09-03,TPEX,5340,建榮,82.1,86.3,78.6,79.1,3360831,277217838
2026-09-03,TPEX,5344,立衛,13.5,13.6,13.5,13.55,22714,307108
2026-09-03,TPEX,5345,馥鴻,22.0,22.0,21.7,21.7,19662,429988
2026-09-03,TPEX,5347,世界,151.0,151.0,147.0,147.0,11343073,1690675812
2026-09-03,TPEX,5348,正能量智能,16.85,16.85,16.85,16.85,1050,17682
2026-09-03,TPEX,5351,鈺創,119.5,123.5,110.0,110.0,25446988,2945423657
2026-09-03,TPEX,5353,台林,28.0,28.3,27.8,27.95,59486,1661021
2026-09-03,TPEX,5355,佳總,5.76,5.99,5.76,5.99,72046,422293
2026-09-03,TPEX,5356,協益,26.3,26.3,25.9,25.9,46763,1217918
2026-09-03,TPEX,5364,力麗店,8.43,8.54,8.41,8.42,54419,459759
2026-09-03,TPEX,5381,光譜,26.35,26.5,25.0,25.05,604735,15469629
2026-09-03,TPEX,5386,青雲,283.0,291.0,257.0,260.0,1854279,508169179
2026-09-03,TPEX,5392,能率,45.0,45.85,43.0,43.0,2234490,98336418
2026-09-03,TPEX,5398,慕康生醫,14.25,14.3,14.2,14.25,184017,2621943
2026-09-03,TPEX,5403,中菲,93.5,93.6,93.0,93.3,14798,1380359
2026-09-03,TPEX,5410,國眾,36.45,36.45,35.8,35.85,177116,6385462
2026-09-03,TPEX,5425,台半,92.8,96.1,90.7,91.2,21473851,2018100777
2026-09-03,TPEX,5426,振發,29.0,29.6,28.2,28.2,831636,23927486
2026-09-03,TPEX,5432,新門,152.0,155.0,147.0,153.0,174107,26583266
2026-09-03,TPEX,5438,東友,16.8,16.8,16.6,16.6,19112,319219
2026-09-03,TPEX,5439,高技,269.5,272.0,261.0,261.0,2126922,566191443
2026-09-03,TPEX,5443,均豪,113.0,115.0,110.0,110.0,2520404,283586150
2026-09-03,TPEX,5450,南良,14.65,14.85,14.6,14.6,61006,893636
2026-09-03,TPEX,5452,佶優,27.95,28.0,26.75,26.75,335748,9188172
2026-09-03,TPEX,5455,昇益,30.05,30.05,30.05,30.05,1000,30050
2026-09-03,TPEX,5457,宣德,27.9,28.25,27.55,27.7,263755,7346560
2026-09-03,TPEX,5460,同協,15.95,16.15,15.95,16.05,32733,525148
2026-09-03,TPEX,5464,霖宏,69.7,71.9,68.0,69.0,377059,26276154
2026-09-03,TPEX,5465,富驊,24.85,24.9,24.45,24.45,61609,1515104
2026-09-03,TPEX,5468,凱鈺,24.85,24.85,24.25,24.45,152148,3723745
2026-09-03,TPEX,5474,聰泰,153.0,153.0,146.0,146.0,152501,22645479
2026-09-03,TPEX,5475,德宏,192.0,208.5,181.0,182.5,7082202,1387343706
2026-09-03,TPEX,5478,智冠,98.4,98.7,98.0,98.0,75140,7382420
2026-09-03,TPEX,5481,新華,20.35,20.6,20.2,20.2,350518,7126514
2026-09-03,TPEX,5483,中美晶,181.0,187.5,176.0,176.0,17711147,3225254023
2026-09-03,TPEX,5487,通泰,29.6,29.85,29.15,29.15,12000,355600
2026-09-03,TPEX,5488,松普,12.25,12.3,11.85,11.85,366222,4392991
2026-09-03,TPEX,5489,彩富,41.4,41.6,41.0,41.1,31835,1313015
2026-09-03,TPEX,5490,同亨,27.4,27.45,26.75,26.8,1556982,42075930
2026-09-03,TPEX,5493,三聯,86.0,87.3,84.1,84.1,112306,9588836
2026-09-03,TPEX,5498,凱崴,55.9,56.9,52.9,52.9,2514520,136929568
2026-09-03,TPEX,5508,永信建,53.4,54.7,53.3,54.2,353662,19116675
2026-09-03,TPEX,5511,德昌,71.3,71.3,69.6,70.0,253121,17781089
2026-09-03,TPEX,5512,力麒,7.78,7.79,7.73,7.79,922672,7160827
2026-09-03,TPEX,5514,三豐,15.0,15.0,15.0,15.0,16050,240747
2026-09-03,TPEX,5516,雙喜,11.65,11.9,11.65,11.8,11225,131965
2026-09-03,TPEX,5520,力泰,,,,,0,0
2026-09-03,TPEX,5523,豐謙,30.25,30.35,30.25,30.35,34030,1031057
2026-09-03,TPEX,5529,鉅陞,22.5,23.95,22.5,23.9,251873,5923444
2026-09-03,TPEX,5530,龍巖,50.2,50.5,49.75,49.8,215433,10777614
2026-09-03,TPEX,5536,聖暉*,822.0,847.0,817.0,817.0,1396550,1162695396
2026-09-03,TPEX,5543,桓鼎-KY,29.5,29.5,28.8,28.8,2020,58876
2026-09-03,TPEX,5547,久舜,19.65,19.65,19.65,19.65,11300,221940
2026-09-03,TPEX,5548,安倉,20.45,20.5,20.45,20.5,6527,133566
2026-09-03,TPEX,5601,台聯櫃,30.05,30.5,30.05,30.5,16005,485502
2026-09-03,TPEX,5603,陸海,14.25,14.4,14.0,14.0,153472,2164680
2026-09-03,TPEX,5604,中連,30.9,31.05,30.9,30.95,7175,221999
2026-09-03,TPEX,5609,中菲行,78.4,78.4,77.8,77.8,78345,6103335
2026-09-03,TPEX,5701,劍湖山,4.24,4.31,4.18,4.3,36708,154737
2026-09-03,TPEX,5703,亞都,13.85,13.9,13.85,13.85,4000,55450
2026-09-03,TPEX,5704,老爺知,23.7,23.7,23.1,23.4,34951,819469
2026-09-03,TPEX,5864,致和證,36.35,37.15,36.1,36.3,2639799,96709679
2026-09-03,TPEX,5878,台名,38.55,38.55,38.55,38.55,2210,85185
2026-09-03,TPEX,5902,德記,34.5,34.55,34.25,34.4,5123,176386
2026-09-03,TPEX,5903,全家,185.0,186.0,184.5,184.5,35236,6511846
2026-09-03,TPEX,5904,寶雅*,73.4,73.4,70.6,70.6,10470653,749431260
2026-09-03,TPEX,5905,南仁湖,7.77,7.78,7.7,7.7,417492,3225794
2026-09-03,TPEX,6015,宏遠證,16.4,16.85,16.35,16.4,2116110,35102044
2026-09-03,TPEX,6016,康和證,21.25,21.8,21.2,21.4,6441378,138830245
2026-09-03,TPEX,6020,大展證,21.0,21.15,20.9,20.9,18001,378871
2026-09-03,TPEX,6021,美好證,39.1,39.75,39.1,39.35,104889,4134677
2026-09-03,TPEX,6023,元大期,86.3,86.9,85.9,86.1,410487,35481640
2026-09-03,TPEX,6026,福邦證,15.05,15.25,15.05,15.05,1363694,20679059
2026-09-03,TPEX,6028,公勝保經,97.0,97.6,95.7,97.6,19618,1898620
2026-09-03,TPEX,6101,寬魚國際,38.2,39.5,37.7,37.7,314260,12195190
2026-09-03,TPEX,6103,合邦,45.0,45.0,41.0,41.0,59108,2534374
2026-09-03,TPEX,6104,創惟,98.4,99.1,95.3,95.3,536260,52065149
2026-09-03,TPEX,6109,亞元,10.9,10.9,10.75,10.9,72501,782506
2026-09-03,TPEX,6111,光聚晶電,37.5,37.55,36.9,37.4,168500,6283473
2026-09-03,TPEX,6113,亞矽,23.5,23.5,22.9,22.9,113449,2628509
2026-09-03,TPEX,6114,久威,25.1,25.1,24.75,24.75,16689,416176
2026-09-03,TPEX,6118,建達,15.4,15.65,15.15,15.15,87456,1339920
2026-09-03,TPEX,6121,新普,407.0,407.0,392.5,394.5,505524,200596953
2026-09-03,TPEX,6122,擎邦,50.6,52.4,49.5,51.9,2044070,105493512
2026-09-03,TPEX,6123,上奇,43.7,43.8,43.65,43.7,31906,1394854
2026-09-03,TPEX,6124,業強,26.7,27.05,26.65,26.65,14646,394251
2026-09-03,TPEX,6125,廣運,53.4,55.2,51.9,51.9,3322033,176575045
2026-09-03,TPEX,6126,信音,29.75,29.8,29.15,29.15,602631,17727289
2026-09-03,TPEX,6127,九豪,48.9,49.1,46.8,46.85,1865784,89155071
2026-09-03,TPEX,6130,上亞科技,27.2,27.45,26.45,26.45,89018,2373191
2026-09-03,TPEX,6134,萬旭,29.05,29.4,28.5,28.6,109380,3143243
2026-09-03,TPEX,6138,茂達,292.5,292.5,280.0,280.0,414513,118058917
2026-09-03,TPEX,6140,訊達,16.75,16.75,16.55,16.55,46561,774590
2026-09-03,TPEX,6143,振曜,88.8,89.4,88.0,88.0,278499,24668853
2026-09-03,TPEX,6144,得利影,13.0,13.5,13.0,13.2,15199,201295
2026-09-03,TPEX,6146,耕興,189.0,189.5,185.0,185.0,408152,76410815
2026-09-03,TPEX,6147,頎邦,183.5,199.5,174.0,189.0,64674622,12237294384
2026-09-03,TPEX,6148,驊宏資,28.0,28.25,27.75,27.75,87729,2448982
2026-09-03,TPEX,6150,撼訊,63.1,63.2,60.5,60.5,177791,10955306
2026-09-03,TPEX,6151,晉倫,35.55,35.65,35.0,35.25,153918,5426338
2026-09-03,TPEX,6154,順發,14.0,14.1,14.0,14.1,12978,182159
2026-09-03,TPEX,6156,松上,21.05,21.15,20.65,20.65,455827,9492862
2026-09-03,TPEX,6158,禾昌,17.8,18.05,17.2,17.3,125842,2216627
2026-09-03,TPEX,6160,欣技,14.95,14.95,14.55,14.75,70814,1038717
2026-09-03,TPEX,6161,捷波,50.4,53.0,50.4,51.7,400204,20701123
2026-09-03,TPEX,6163,華電網,41.95,42.35,40.0,40.3,1166730,47590727
2026-09-03,TPEX,6167,久正,10.4,10.45,10.25,10.3,332101,3424412
2026-09-03,TPEX,6169,昱泉,12.3,12.4,12.3,12.35,10251,126869
2026-09-03,TPEX,6170,統振,48.0,48.3,47.85,48.0,180928,8680500
2026-09-03,TPEX,6171,大城地產,26.7,26.7,25.85,25.85,56627,1472451
2026-09-03,TPEX,6173,信昌電,258.5,258.5,237.5,241.0,12652571,3143787024
2026-09-03,TPEX,6174,安碁,44.2,44.5,42.45,42.55,734853,31689301
2026-09-03,TPEX,6175,立敦,72.3,72.3,69.0,69.3,766565,54159443
2026-09-03,TPEX,6179,亞通,30.0,30.1,29.1,29.2,2437150,71719402
2026-09-03,TPEX,6180,橘子,41.3,41.3,40.65,40.75,207111,8474399
2026-09-03,TPEX,6182,合晶,111.0,112.5,104.5,104.5,48531369,5241540312
2026-09-03,TPEX,6185,幃翔,12.8,12.8,12.7,12.75,92928,1186543
2026-09-03,TPEX,6186,新潤,31.5,32.2,31.5,31.75,498642,15925316
2026-09-03,TPEX,6187,萬潤,1365.0,1410.0,1300.0,1300.0,3022194,4082420825
2026-09-03,TPEX,6188,廣明,68.3,69.4,65.6,65.6,1748364,116702821
2026-09-03,TPEX,6190,萬泰科,69.2,69.8,67.0,67.3,2104117,143055417
2026-09-03,TPEX,6194,育富,29.85,29.9,29.65,29.65,78186,2322843
2026-09-03,TPEX,6195,詩肯,27.8,28.1,27.8,27.85,14811,412583
2026-09-03,TPEX,6198,瑞築,19.8,19.8,19.8,19.8,2000,39600
2026-09-03,TPEX,6199,天品,95.2,97.7,94.0,95.2,2044593,196056722
2026-09-03,TPEX,6203,海韻電,61.0,61.0,60.0,60.3,44912,2710925
2026-09-03,TPEX,6204,艾華,90.2,91.0,87.3,88.5,320035,28477918
2026-09-03,TPEX,6207,雷科,112.0,115.0,103.0,104.0,8842588,967851026
2026-09-03,TPEX,6208,日揚,81.5,82.0,76.5,76.5,776233,60566093
2026-09-03,TPEX,6210,慶生,17.7,17.8,17.7,17.8,6063,107886
2026-09-03,TPEX,6212,理銘,30.95,30.95,30.95,30.95,1120,34670
2026-09-03,TPEX,6217,中探針,196.0,210.5,192.5,195.5,13188005,2642058426
2026-09-03,TPEX,6218,豪勉,43.75,44.7,41.75,42.6,1773638,76294219
2026-09-03,TPEX,6219,富旺,12.1,12.65,12.05,12.4,139530,1720082
2026-09-03,TPEX,6220,岳豐,25.95,26.05,25.55,25.6,178000,4594246
2026-09-03,TPEX,6221,晉泰,21.55,21.7,21.5,21.5,91248,1966857
2026-09-03,TPEX,6222,立軒,20.05,20.05,20.05,20.05,2009,40264
2026-09-03,TPEX,6223,旺矽,5370.0,5370.0,5000.0,5045.0,1505814,7756072430
2026-09-03,TPEX,6227,茂綸,118.0,118.0,113.0,113.0,382226,44154380
2026-09-03,TPEX,6228,全譜,,,,,0,0
2026-09-03,TPEX,6229,研通,24.1,24.1,23.6,23.6,38027,900634
2026-09-03,TPEX,6231,系微,218.5,219.5,208.0,208.0,161665,34386356
2026-09-03,TPEX,6233,旺玖,21.7,21.8,20.95,20.95,119643,2528328
2026-09-03,TPEX,6234,高僑,35.95,35.95,34.1,34.1,184030,6405795
2026-09-03,TPEX,6236,中湛,,,,,0,0
2026-09-03,TPEX,6237,驊訊,38.0,38.0,35.1,35.2,410507,14998146
2026-09-03,TPEX,6240,松崗,27.3,28.25,25.6,27.95,324359,8580727
2026-09-03,TPEX,6241,鑫永洋,17.05,17.45,16.75,16.75,75169,1268243
2026-09-03,TPEX,6242,立康,34.0,34.0,33.8,33.8,3200,108600
2026-09-03,TPEX,6244,茂迪,23.8,23.95,23.1,23.1,1795565,42331104
2026-09-03,TPEX,6245,立端,78.2,79.0,76.1,76.1,886483,68271819
2026-09-03,TPEX,6246,臺龍,13.15,13.15,12.7,12.75,132003,1699454
2026-09-03,TPEX,6248,沛波,17.1,17.1,16.7,16.95,212756,3596978
2026-09-03,TPEX,6259,百徽,30.1,30.3,28.9,28.95,352520,10349111
2026-09-03,TPEX,6261,久元,81.2,81.7,78.5,78.6,447942,35811522
2026-09-03,TPEX,6263,普萊德,174.5,174.5,171.0,171.5,259187,44677360
2026-09-03,TPEX,6264,富裔,6.06,6.07,6.01,6.01,5000,30220
2026-09-03,TPEX,6265,方土昶,56.6,57.6,54.0,54.1,2950318,163632077
2026-09-03,TPEX,6266,泰詠,24.75,24.95,24.6,24.6,99168,2449306
2026-09-03,TPEX,6270,倍微,29.25,29.3,28.2,28.2,247372,7086634
2026-09-03,TPEX,6274,台燿,1420.0,1430.0,1340.0,1345.0,4901570,6788310705
2026-09-03,TPEX,6275,元山,46.35,46.35,45.05,45.05,157969,7205920
2026-09-03,TPEX,6276,安鈦克,20.6,20.85,20.3,20.3,13593,278333
2026-09-03,TPEX,6279,胡連,121.5,122.5,117.5,118.0,1310345,156280825
2026-09-03,TPEX,6284,佳邦,79.3,79.3,75.6,75.6,1280823,98448319
2026-09-03,TPEX,6290,良維,257.0,261.5,245.0,245.5,2679019,672721359
2026-09-03,TPEX,6291,沛亨,453.0,484.0,453.0,458.0,4429975,2102492545
2026-09-03,TPEX,6292,迅德,61.7,62.4,59.6,60.0,103274,6293590
2026-09-03,TPEX,6294,智基,29.05,29.05,28.75,28.75,19679,569875
2026-09-03,TPEX,6411,晶焱,82.3,82.3,79.0,79.0,329786,26543652
2026-09-03,TPEX,6417,韋僑,106.0,106.5,104.5,104.5,67315,7091642
2026-09-03,TPEX,6418,詠昇,35.2,35.2,33.5,33.55,225221,7657144
2026-09-03,TPEX,6419,京晨科,157.0,161.0,146.0,146.0,366780,56165289
2026-09-03,TPEX,6423,億而得,87.5,89.0,84.5,84.5,158109,13681069
2026-09-03,TPEX,6425,易發,65.0,65.2,61.2,61.5,454149,28613341
2026-09-03,TPEX,6432,今展科,61.8,63.3,59.3,59.3,428700,25998047
2026-09-03,TPEX,6435,大中,246.0,250.0,237.0,237.0,420860,102257185
2026-09-03,TPEX,6441,廣錠,21.35,21.35,20.95,20.95,21593,454612
2026-09-03,TPEX,6462,神盾,102.0,102.0,98.3,98.3,385331,38480612
2026-09-03,TPEX,6465,威潤,46.9,46.9,46.0,46.0,100205,4649430
2026-09-03,TPEX,6469,大樹,68.0,68.0,67.0,67.2,359778,24246446
2026-09-03,TPEX,6470,宇智,42.0,42.0,41.35,41.75,31680,1316339
2026-09-03,TPEX,6474,華豫寧,36.9,36.9,36.3,36.55,24314,885954
2026-09-03,TPEX,6482,弘煜科,24.8,25.35,24.65,24.75,17459,435901
2026-09-03,TPEX,6485,點序,61.2,62.0,59.0,59.1,272846,16552442
2026-09-03,TPEX,6486,互動,92.6,92.6,82.6,83.1,2369546,207028649
2026-09-03,TPEX,6488,環球晶,970.0,974.0,920.0,927.0,7779649,7375708011
2026-09-03,TPEX,6492,生華科,34.2,34.35,33.8,33.8,282084,9589821
2026-09-03,TPEX,6494,九齊,55.5,56.7,54.9,55.0,189496,10572998
2026-09-03,TPEX,6496,科懋,24.3,24.45,24.3,24.45,8471,206417
2026-09-03,TPEX,6498,久禾光,79.8,80.5,73.5,74.0,397890,30270124
2026-09-03,TPEX,6499,益安,74.6,75.5,71.6,71.7,421828,30709831
2026-09-03,TPEX,6506,雙邦,18.2,18.75,18.2,18.4,184875,3411809
2026-09-03,TPEX,6508,惠光,26.15,26.15,25.85,26.05,5667,147359
2026-09-03,TPEX,6509,聚和,46.65,47.2,46.35,46.95,952142,44604626
2026-09-03,TPEX,6510,精測,3495.0,3585.0,3235.0,3350.0,1938679,6629004130
2026-09-03,TPEX,6512,啟發電,20.3,20.3,20.2,20.2,5770,117166
2026-09-03,TPEX,6516,勤崴國際,57.7,58.5,57.6,58.0,24190,1398681
2026-09-03,TPEX,6517,保勝光學,71.3,72.5,66.8,66.8,995504,68265240
2026-09-03,TPEX,6523,達爾膚,89.5,89.6,89.5,89.5,25979,2327073
2026-09-03,TPEX,6527,明達醫,74.5,74.5,74.0,74.1,13030,967749
2026-09-03,TPEX,6530,創威,100.5,102.5,94.1,95.0,3991547,390996103
2026-09-03,TPEX,6532,瑞耘,97.6,103.5,97.6,99.8,1770731,178828652
2026-09-03,TPEX,6535,順藥,83.0,86.0,75.2,75.5,917942,72934309
2026-09-03,TPEX,6538,倉和,273.0,273.0,273.0,273.0,514581,140480613
2026-09-03,TPEX,6542,隆中,45.0,45.0,45.0,45.0,1000,45000
2026-09-03,TPEX,6546,正基,64.0,64.5,62.1,62.1,259013,16335855
2026-09-03,TPEX,6547,高端疫苗,61.9,62.7,61.3,61.8,2947752,182959933
2026-09-03,TPEX,6548,長科*,74.3,74.6,71.3,71.3,2199746,160073088
2026-09-03,TPEX,6556,勝品,61.0,61.0,60.7,60.7,9060,550954
2026-09-03,TPEX,6560,欣普羅,31.25,31.25,31.2,31.2,9436,294284
2026-09-03,TPEX,6561,是方,326.5,326.5,322.0,322.5,34683,11218134
2026-09-03,TPEX,6568,宏觀,142.5,142.5,133.5,133.5,158614,21788332
2026-09-03,TPEX,6569,醫揚,91.2,91.2,90.8,91.0,36614,3334764
2026-09-03,TPEX,6570,維田,52.3,52.3,50.4,50.4,91460,4693900
2026-09-03,TPEX,6574,霈方,119.0,119.5,118.0,119.5,30707,3647126
2026-09-03,TPEX,6576,逸達,80.5,80.5,79.5,80.3,77678,6210015
2026-09-03,TPEX,6577,勁豐,79.6,80.5,79.5,79.9,28302,2257918
2026-09-03,TPEX,6578,達邦蛋白,18.4,18.4,17.95,18.0,127018,2294020
2026-09-03,TPEX,6584,南俊國際,667.0,673.0,628.0,629.0,857500,557915716
2026-09-03,TPEX,6588,東典光電,107.0,111.0,101.5,103.0,1405511,149419680
2026-09-03,TPEX,6590,普鴻,65.4,65.6,65.4,65.5,20320,1330952
2026-09-03,TPEX,6593,台灣銘板,32.05,32.05,31.75,31.75,40208,1282880
2026-09-03,TPEX,6596,寬宏藝術,95.5,95.8,94.8,94.9,155320,14782355
2026-09-03,TPEX,6597,立誠,69.4,73.0,69.4,73.0,3000,211800
2026-09-03,TPEX,6603,富強鑫,25.6,25.6,24.85,24.9,1313445,33056084
2026-09-03,TPEX,6609,瀧澤科,40.65,41.0,39.9,40.3,164057,6639474
2026-09-03,TPEX,6612,奈米醫材,70.9,71.6,70.5,70.9,29220,2069703
2026-09-03,TPEX,6613,朋億*,264.5,265.0,257.0,257.0,485359,126517468
2026-09-03,TPEX,6615,慧智,34.25,34.25,34.1,34.1,4087,140060
2026-09-03,TPEX,6616,特昇-KY,8.13,8.29,8.1,8.29,16763,137337
2026-09-03,TPEX,6617,共信-KY,119.5,119.5,113.5,113.5,1100746,127693480
2026-09-03,TPEX,6620,漢達,92.9,103.5,92.0,98.0,3585346,355326610
2026-09-03,TPEX,6624,萬年清,41.8,41.8,39.3,39.3,9000,358800
2026-09-03,TPEX,6629,泰金-KY,109.0,109.0,105.5,107.5,30014,3228012
2026-09-03,TPEX,6637,醫影,55.9,57.5,55.9,56.4,16389,920240
2026-09-03,TPEX,6640,均華,1230.0,1240.0,1180.0,1185.0,1257638,1514384290
2026-09-03,TPEX,6642,富致,80.3,83.1,80.0,80.3,226917,18581624
2026-09-03,TPEX,6643,M31,417.5,423.0,402.5,403.0,312053,127924181
2026-09-03,TPEX,6649,台生材,36.1,36.4,34.95,35.75,33637,1205324
2026-09-03,TPEX,6651,全宇昕,152.0,152.0,148.0,148.0,133492,20053317
2026-09-03,TPEX,6654,天正國際,200.5,220.0,200.5,215.0,229441,48868364
2026-09-03,TPEX,6661,威健生技,,,,,0,0
2026-09-03,TPEX,6662,樂斯科,28.5,28.5,28.5,28.5,4509,128505
2026-09-03,TPEX,6664,群翊,371.0,392.5,362.5,363.0,1352237,512520807
2026-09-03,TPEX,6667,信紘科,216.5,221.5,216.0,218.0,198351,43462014
2026-09-03,TPEX,6679,鈺太,208.0,209.0,203.0,208.5,261088,53944079
2026-09-03,TPEX,6680,鑫創電子,,,,,0,0
2026-09-03,TPEX,6683,雍智科技,1470.0,1475.0,1360.0,1385.0,1989113,2820745785
2026-09-03,TPEX,6684,安格,47.6,47.6,45.5,45.55,105458,4868901
2026-09-03,TPEX,6690,安碁資訊,166.5,166.5,162.5,162.5,30615,5004496
2026-09-03,TPEX,6692,進能服,23.9,24.0,23.2,23.45,20199,479037
2026-09-03,TPEX,6693,廣閎科,175.5,187.0,175.5,178.5,2449503,444268230
2026-09-03,TPEX,6697,東捷資訊,40.7,41.45,40.7,41.25,15303,628229
2026-09-03,TPEX,6703,軒郁,103.0,103.0,102.0,102.0,24261,2481435
2026-09-03,TPEX,6708,天擎,38.8,38.8,38.8,38.8,2051,79597
2026-09-03,TPEX,6712,長聖,158.5,158.5,156.0,156.5,222782,34906137
2026-09-03,TPEX,6716,應廣,126.0,138.0,122.5,130.0,2090824,275134766
2026-09-03,TPEX,6720,久昌,133.5,134.5,131.5,131.5,28405,3773767
2026-09-03,TPEX,6721,信實,51.2,51.2,50.8,51.2,27729,1415352
2026-09-03,TPEX,6725,矽科宏晟,224.0,225.0,219.0,219.0,89525,19910106
2026-09-03,TPEX,6727,亞泰金屬,580.0,598.0,545.0,550.0,2095935,1196527192
2026-09-03,TPEX,6728,上洋,108.0,108.0,107.0,107.0,31415,3368437
2026-09-03,TPEX,6730,常廣,32.35,33.0,32.35,33.0,6161,201847
2026-09-03,TPEX,6732,昇佳電子,152.5,153.0,148.5,148.5,197500,29641391
2026-09-03,TPEX,6733,博晟生醫,27.5,27.65,26.5,26.5,114736,3103574
2026-09-03,TPEX,6735,美達科技,65.8,65.8,60.8,60.8,117397,7384287
2026-09-03,TPEX,6739,竹陞科技,1120.0,1150.0,1075.0,1075.0,137041,151049385
2026-09-03,TPEX,6741,91APP*-KY,60.2,60.2,58.7,59.6,255931,15183498
2026-09-03,TPEX,6751,智聯服務,42.3,42.3,41.7,41.7,9500,400139
2026-09-03,TPEX,6752,叡揚,97.0,97.0,97.0,97.0,10274,996025
2026-09-03,TPEX,6761,穩得,185.5,190.5,181.5,181.5,422398,78458053
2026-09-03,TPEX,6762,達亞,165.0,165.0,165.0,165.0,1000,165000
2026-09-03,TPEX,6763,綠界科技*,41.4,41.4,40.8,40.8,199209,8164840
2026-09-03,TPEX,6767,台微醫,,,,,0,0
2026-09-03,TPEX,6785,昱展新藥,91.2,92.7,90.6,90.7,36862,3364190
2026-09-03,TPEX,6788,華景電,368.5,371.5,355.0,355.0,267783,97082331
2026-09-03,TPEX,6791,虎門科技,100.5,100.5,99.5,99.5,4656,465590
2026-09-03,TPEX,6803,崑鼎,270.5,271.0,269.5,271.0,51894,14026953
2026-09-03,TPEX,6804,明係,18.4,18.5,18.35,18.35,66167,1221464
2026-09-03,TPEX,6811,宏碁資訊,224.5,225.0,219.5,220.0,62467,13851151
2026-09-03,TPEX,6821,聯寶,42.5,42.75,41.2,41.4,74304,3088925
2026-09-03,TPEX,6823,濾能,61.2,61.2,59.4,59.5,147417,8824519
2026-09-03,TPEX,6829,千附精密,246.0,246.0,231.5,231.5,897412,213054219
2026-09-03,TPEX,6840,東研信超,92.3,97.1,90.1,90.1,465956,43417844
2026-09-03,TPEX,6841,長佳智能,54.1,54.1,52.7,52.7,284524,15102893
2026-09-03,TPEX,6843,進典,38.4,38.4,38.0,38.0,9296,355709
2026-09-03,TPEX,6844,諾貝兒,59.9,60.0,59.8,60.0,19050,1141310
2026-09-03,TPEX,6846,綠茵,58.2,58.3,58.2,58.3,2094,121725
2026-09-03,TPEX,6855,數泓科,,,,,105,12285
2026-09-03,TPEX,6856,鑫傳,,,,,0,0
2026-09-03,TPEX,6859,伯特光,114.5,115.0,110.5,112.0,57385,6435473
2026-09-03,TPEX,6865,偉康科技,24.6,25.2,24.5,25.1,18195,455923
2026-09-03,TPEX,6870,騰雲,292.0,296.5,281.0,288.0,94326,27180458
2026-09-03,TPEX,6872,浩宇生醫,16.5,16.9,16.3,16.9,260187,4364206
2026-09-03,TPEX,6874,倍力,73.2,73.8,70.1,70.1,134297,9603665
2026-09-03,TPEX,6875,國邑*,32.75,33.2,31.9,33.0,179665,5854265
2026-09-03,TPEX,6877,鏵友益,112.5,112.5,109.5,110.0,89096,9921220
2026-09-03,TPEX,6881,潤德,215.0,215.0,215.0,215.0,1440,309816
2026-09-03,TPEX,6884,海柏特,29.5,29.5,29.35,29.45,10079,296880
2026-09-03,TPEX,6894,衛司特,353.0,357.0,349.0,349.0,30901,10889674
2026-09-03,TPEX,6895,宏碩系統,162.0,162.5,153.0,153.0,108433,16882144
2026-09-03,TPEX,6899,創為精密,49.85,49.9,49.7,49.7,9020,449297
2026-09-03,TPEX,6903,巨漢,311.0,315.5,305.5,305.5,235633,73230929
2026-09-03,TPEX,6904,伯鑫,,,,,15,1702
2026-09-03,TPEX,6907,雅特力-KY,191.5,193.0,173.0,177.5,1558116,287819200
2026-09-03,TPEX,6910,德鴻,25.25,25.25,24.8,24.8,15005,376130
2026-09-03,TPEX,6913,鴻呈,154.0,157.0,149.0,149.0,591645,90074007
2026-09-03,TPEX,6922,宸曜,208.0,210.0,201.0,201.0,159669,32645836
2026-09-03,TPEX,6925,意藍,50.5,50.5,50.0,50.0,7272,364487
2026-09-03,TPEX,6929,佑全,22.3,22.4,22.05,22.4,8045,178218
2026-09-03,TPEX,6945,圓祥生技,98.2,99.9,93.0,97.4,167148,16101804
2026-09-03,TPEX,6953,家碩,242.0,246.5,237.5,237.5,10981,2658379
2026-09-03,TPEX,6961,旅天下,50.0,50.2,49.95,50.0,51969,2599341
2026-09-03,TPEX,6967,汎瑋材料,72.2,72.2,69.3,69.3,129456,9123067
2026-09-03,TPEX,6968,萬達寵物,41.7,41.8,41.5,41.75,60219,2510466
2026-09-03,TPEX,6971,惠民實業,26.0,26.15,25.95,26.05,21301,554396
2026-09-03,TPEX,6982,大井泵浦,47.3,47.95,47.3,47.65,10174,483290
2026-09-03,TPEX,6983,華洋精機,356.5,361.0,351.0,358.0,69488,24827967
2026-09-03,TPEX,6986,和迅,42.2,42.65,40.5,41.5,45050,1882344
2026-09-03,TPEX,6996,力領科技,184.0,187.0,183.0,183.0,127407,23598265
2026-09-03,TPEX,6997,博弘,68.0,68.0,68.0,68.0,3001,204067
2026-09-03,TPEX,7402,邑錡,106.0,108.5,103.0,103.0,540502,56950725
2026-09-03,TPEX,7547,碩網,50.5,50.6,50.5,50.6,2600,131580
2026-09-03,TPEX,7556,意德士,252.5,252.5,245.0,245.0,34084,8477905
2026-09-03,TPEX,7584,樂意,26.3,27.2,25.6,26.5,7027,183863
2026-09-03,TPEX,7642,昶瑞機電,77.0,77.7,76.2,76.2,8164,625655
2026-09-03,TPEX,7703,銳澤,180.0,188.5,180.0,185.5,141294,26273326
2026-09-03,TPEX,7704,明遠精密,61.3,62.0,59.8,60.1,81502,4941536
2026-09-03,TPEX,7708,全家餐飲,91.8,92.0,91.8,91.9,8415,773946
2026-09-03,TPEX,7709,榮田,75.2,75.2,70.3,70.3,59619,4318964
2026-09-03,TPEX,7712,博盛半導體,153.5,158.0,152.0,152.0,325351,50300911
2026-09-03,TPEX,7713,威力德生醫,73.8,74.0,73.8,74.0,20176,1492809
2026-09-03,TPEX,7714,創泓科技,163.5,166.0,160.0,160.0,283732,45924240
2026-09-03,TPEX,7715,裕山,29.0,29.05,28.9,28.9,31034,898684
2026-09-03,TPEX,7716,昱臺國際,23.5,23.9,23.5,23.8,11000,262000
2026-09-03,TPEX,7717,萊德光電-KY,425.0,429.5,409.0,409.0,136868,57276468
2026-09-03,TPEX,7718,友鋮,46.85,46.85,46.8,46.85,13000,608500
2026-09-03,TPEX,7723,築間,18.9,19.0,18.8,18.8,17503,330069
2026-09-03,TPEX,7728,光焱科技,675.0,678.0,636.0,639.0,34569,22527904
2026-09-03,TPEX,7734,印能科技,2805.0,2925.0,2710.0,2710.0,184341,518569805
2026-09-03,TPEX,7738,東聯互動,171.0,175.0,170.5,175.0,125445,21739900
2026-09-03,TPEX,7743,金利食安,21.3,21.9,21.2,21.8,76055,1625482
2026-09-03,TPEX,7744,崴寶,538.0,540.0,518.0,521.0,127251,67288901
2026-09-03,TPEX,7747,昕奇雲端,112.5,113.0,112.5,113.0,2200,248200
2026-09-03,TPEX,7751,竑騰,1555.0,1590.0,1450.0,1465.0,501773,765082785
2026-09-03,TPEX,7753,星亞,36.35,36.8,36.2,36.3,25033,911453
2026-09-03,TPEX,7757,金色三麥,,,,,620,55074
2026-09-03,TPEX,7767,仁大資訊,45.0,45.0,44.9,44.95,10085,453369
2026-09-03,TPEX,7770,君曜,35.85,35.85,34.95,35.75,6111,215497
2026-09-03,TPEX,7772,耀穎,91.5,99.5,90.5,99.5,228003,21999752
2026-09-03,TPEX,7777,能率亞洲,39.25,39.4,38.05,38.05,1531193,59127211
2026-09-03,TPEX,7782,光速火箭,27.25,27.25,26.35,26.55,25029,673986
2026-09-03,TPEX,7792,安葆,309.5,315.5,305.0,305.0,202889,62764174
2026-09-03,TPEX,7794,宏碁智新,28.4,28.45,28.4,28.4,12108,344124
2026-09-03,TPEX,7805,威聯通,522.0,522.0,502.0,502.0,101545,51737323
2026-09-03,TPEX,7810,捷創科技,222.5,228.0,218.5,218.5,78587,17544558
2026-09-03,TPEX,7811,民盛,73.1,73.1,73.1,73.1,13000,950300
2026-09-03,TPEX,7814,海昌生技,29.2,29.25,29.0,29.0,45419,1321108
2026-09-03,TPEX,7819,精誠金融,37.0,37.05,36.3,36.3,50718,1861338
2026-09-03,TPEX,7820,立盈,120.0,120.0,117.5,118.0,12123,1435146
2026-09-03,TPEX,7828,創新服務,1770.0,1855.0,1720.0,1755.0,234130,420047225
2026-09-03,TPEX,7839,達人網,44.45,44.45,44.3,44.3,5001,222144
2026-09-03,TPEX,7842,天能綠電,100.0,101.0,97.3,98.9,20903,2059051
2026-09-03,TPEX,8024,佑華,12.9,12.9,12.7,12.9,54308,693526
2026-09-03,TPEX,8027,鈦昇,184.0,192.5,176.5,177.0,5971713,1102741517
2026-09-03,TPEX,8032,光菱,35.95,36.3,35.4,35.4,44516,1588910
2026-09-03,TPEX,8034,榮群,19.8,19.8,19.5,19.5,48061,943527
2026-09-03,TPEX,8038,長園科,31.5,31.75,30.85,30.85,164326,5158833
2026-09-03,TPEX,8040,九暘,85.9,85.9,74.7,74.7,4761674,376006549
2026-09-03,TPEX,8042,金山電,113.0,113.5,100.0,100.5,6274761,659126883
2026-09-03,TPEX,8043,蜜望實,143.0,145.0,135.0,135.5,2264271,314686807
2026-09-03,TPEX,8044,網家,24.25,24.25,23.7,23.75,381700,9137273
2026-09-03,TPEX,8047,星雲,44.0,44.0,42.3,42.3,26000,1106100
2026-09-03,TPEX,8048,德勝,53.5,53.5,50.0,50.0,136156,6948063
2026-09-03,TPEX,8049,晶采,24.55,24.6,24.45,24.45,128222,3143928
2026-09-03,TPEX,8050,廣積,56.8,56.8,54.2,54.2,1920860,105938972
2026-09-03,TPEX,8054,安國,83.8,84.7,80.1,80.1,714819,58720885
2026-09-03,TPEX,8059,凱碩,13.6,13.6,13.3,13.3,98168,1315366
2026-09-03,TPEX,8064,東捷,105.5,114.5,101.5,102.0,12041542,1322796729
2026-09-03,TPEX,8066,來思達,14.45,14.5,14.4,14.5,512515,7430655
2026-09-03,TPEX,8067,志旭,12.4,12.4,11.7,11.9,16000,190250
2026-09-03,TPEX,8068,全達,17.0,17.1,16.8,16.85,48241,818177
2026-09-03,TPEX,8069,元太,155.0,155.5,147.0,147.0,9631798,1454469138
2026-09-03,TPEX,8071,能率網通,24.2,24.2,23.0,23.0,622587,14632189
2026-09-03,TPEX,8074,鉅橡,55.5,56.0,53.2,53.2,387249,21053342
2026-09-03,TPEX,8076,伍豐,22.35,22.5,21.9,21.9,1166820,25811687
2026-09-03,TPEX,8077,洛碁,45.5,45.75,43.8,43.8,20164,913592
2026-09-03,TPEX,8080,泰霖,29.15,29.15,28.6,28.65,32204,935934
2026-09-03,TPEX,8083,瑞穎,158.5,159.0,157.0,157.5,40206,6342640
2026-09-03,TPEX,8084,巨虹,49.0,49.0,45.6,47.35,465254,21833382
2026-09-03,TPEX,8085,福華,15.95,15.95,14.95,15.0,884061,13531197
2026-09-03,TPEX,8086,宏捷科,117.5,119.0,112.0,112.0,4417839,508281648
2026-09-03,TPEX,8087,麗升能源,26.45,26.7,26.2,26.7,11528,302980
2026-09-03,TPEX,8088,品安,44.75,45.25,42.95,42.95,720672,31531062
2026-09-03,TPEX,8089,康全電訊,17.5,17.75,17.1,17.1,132015,2285391
2026-09-03,TPEX,8091,翔名,223.0,223.0,214.5,214.5,286134,62512966
2026-09-03,TPEX,8092,建暐,12.9,13.2,12.85,12.95,49008,635553
2026-09-03,TPEX,8093,保銳,26.65,26.7,26.5,26.55,50062,1330533
2026-09-03,TPEX,8096,擎亞,111.0,115.5,104.0,104.0,4711969,509724460
2026-09-03,TPEX,8097,常珵,48.7,49.15,48.7,48.8,106005,5175834
2026-09-03,TPEX,8099,大世科,61.2,61.8,60.0,61.5,384322,23486758
2026-09-03,TPEX,8102,傑霖科技,65.0,65.0,65.0,65.0,5623,365555
2026-09-03,TPEX,8107,大億金茂,12.35,12.6,12.3,12.35,25605,316939
2026-09-03,TPEX,8109,博大,139.0,139.0,130.5,131.0,832227,111027066
2026-09-03,TPEX,8111,立碁,76.5,82.8,71.9,72.0,37962341,2910138869
2026-09-03,TPEX,8121,越峰,27.7,27.7,26.85,26.85,452366,12289730
2026-09-03,TPEX,8147,正淩,126.0,131.5,124.0,126.5,162741,20872619
2026-09-03,TPEX,8155,博智,366.5,371.0,348.0,348.0,930232,332219812
2026-09-03,TPEX,8171,天宇,19.7,19.7,19.3,19.3,133754,2608207
2026-09-03,TPEX,8176,智捷,9.95,9.95,9.61,9.76,59898,586800
2026-09-03,TPEX,8182,加高,40.4,40.75,38.0,38.0,701051,27537677
2026-09-03,TPEX,8183,精星,29.2,29.35,28.35,28.35,270811,7806724
2026-09-03,TPEX,8227,巨有科技,160.5,163.0,156.0,156.5,383873,61134336
2026-09-03,TPEX,8234,新漢,69.3,70.3,65.8,65.9,794677,53752519
2026-09-03,TPEX,8240,華宏,49.95,52.1,47.55,47.8,1351628,66740856
2026-09-03,TPEX,8255,朋程,148.0,150.5,145.0,145.0,290130,42987861
2026-09-03,TPEX,8272,全景軟體,64.0,64.0,63.4,63.5,5031,320382
2026-09-03,TPEX,8277,商丞,7.75,8.15,7.75,7.99,206685,1649225
2026-09-03,TPEX,8279,生展,80.6,80.8,79.7,80.0,9240,740677
2026-09-03,TPEX,8284,三竹,66.2,66.2,64.9,65.7,35043,2300318
2026-09-03,TPEX,8289,泰藝,47.2,47.7,44.0,44.2,560177,25734672
2026-09-03,TPEX,8291,尚茂,32.95,33.0,32.0,32.0,5212,169011
2026-09-03,TPEX,8299,群聯,2085.0,2120.0,1990.0,2000.0,3441993,7058580955
2026-09-03,TPEX,8342,益張,,,,,0,0
2026-09-03,TPEX,8349,恒耀,38.7,39.2,38.6,39.0,185853,7233015
2026-09-03,TPEX,8354,冠好,17.8,18.0,17.45,17.7,255811,4517644
2026-09-03,TPEX,8358,金居,513.0,514.0,470.0,470.0,7890805,3855101378
2026-09-03,TPEX,8383,千附,66.4,66.5,64.2,64.2,976948,63878948
2026-09-03,TPEX,8390,金益鼎,97.7,98.2,97.1,97.1,170066,16595420
2026-09-03,TPEX,8401,白紗科,22.9,22.9,22.8,22.8,3140,71653
2026-09-03,TPEX,8403,盛弘,18.95,19.1,18.95,19.0,67806,1288832
2026-09-03,TPEX,8409,商之器,18.15,18.15,18.05,18.05,11023,199717
2026-09-03,TPEX,8410,森田,30.45,30.5,30.45,30.5,4139,126152
2026-09-03,TPEX,8415,大國鋼,37.5,37.8,37.3,37.35,519608,19531862
2026-09-03,TPEX,8416,實威,,,,,160,26940
2026-09-03,TPEX,8421,旭源,12.95,13.3,12.7,12.8,218583,2822108
2026-09-03,TPEX,8423,保綠-KY,18.15,18.3,18.15,18.15,31501,574458
2026-09-03,TPEX,8424,惠普,68.8,68.8,68.8,68.8,7579,521207
2026-09-03,TPEX,8426,紅木-KY,21.1,21.1,20.65,20.65,11000,228750
2026-09-03,TPEX,8431,匯鑽科,59.1,65.7,58.7,63.7,7695037,490520437
2026-09-03,TPEX,8432,東生華,50.6,50.8,50.3,50.3,58064,2928445
2026-09-03,TPEX,8433,弘帆,55.2,55.2,54.5,54.7,17277,947224
2026-09-03,TPEX,8435,鉅邁,53.5,53.7,53.1,53.4,6162,329040
2026-09-03,TPEX,8436,大江,114.0,115.0,112.0,112.0,815204,91980734
2026-09-03,TPEX,8437,大地-KY,9.19,9.28,9.19,9.21,5076,46691
2026-09-03,TPEX,8440,綠電,20.05,20.1,19.8,20.05,63876,1272927
2026-09-03,TPEX,8444,綠河-KY,4.6,4.6,4.5,4.6,4000,18300
2026-09-03,TPEX,8446,華研,85.2,85.6,85.2,85.6,59368,5073553
2026-09-03,TPEX,8450,霹靂,14.4,14.5,14.2,14.5,35612,512545
2026-09-03,TPEX,8455,大拓-KY,23.55,23.55,22.5,22.5,2000,46050
2026-09-03,TPEX,8472,夠麻吉,67.0,68.0,67.0,68.0,8200,551157
2026-09-03,TPEX,8477,創業家,15.3,15.3,15.3,15.3,1002,15328
2026-09-03,TPEX,8489,三貝德,21.8,21.95,21.8,21.9,47218,1030567
2026-09-03,TPEX,8905,裕國,34.0,34.25,34.0,34.2,7912,270102
2026-09-03,TPEX,8906,花王,28.7,29.6,28.7,29.35,64063,1884962
2026-09-03,TPEX,8908,欣雄,40.45,40.5,39.8,39.95,42480,1705717
2026-09-03,TPEX,8916,光隆,41.25,41.3,40.95,40.95,27644,1135428
2026-09-03,TPEX,8917,欣泰,52.6,52.6,52.2,52.5,44105,2309353
2026-09-03,TPEX,8921,沈氏,16.6,16.6,16.3,16.3,2011,33094
2026-09-03,TPEX,8923,時報,,,,,184,3578
2026-09-03,TPEX,8924,大田,50.2,50.3,50.0,50.3,99224,4972335
2026-09-03,TPEX,8927,北基,19.55,19.75,19.4,19.5,82000,1603898
2026-09-03,TPEX,8928,鉅明,24.7,24.75,24.45,24.75,11030,272585
2026-09-03,TPEX,8929,富堡,13.1,13.1,13.1,13.1,3689,48337
2026-09-03,TPEX,8930,青鋼,30.0,30.1,30.0,30.1,12188,365834
2026-09-03,TPEX,8931,大汽電,41.15,41.15,40.9,40.95,20479,840179
2026-09-03,TPEX,8932,智通*,90.8,92.4,89.7,89.7,1783966,161641702
2026-09-03,TPEX,8933,愛地雅,4.68,4.68,4.5,4.66,37097,171034
2026-09-03,TPEX,8935,邦泰,17.75,18.15,17.75,18.0,88332,1586928
2026-09-03,TPEX,8936,國統,51.2,51.2,50.3,50.3,1092513,55320069
2026-09-03,TPEX,8937,合騏*,30.0,30.4,29.05,29.1,146720,4345327
2026-09-03,TPEX,8938,明安,51.0,51.0,50.7,50.8,103684,5276567
2026-09-03,TPEX,8941,關中,44.0,44.0,43.8,43.8,2361,103342
2026-09-03,TPEX,8942,森鉅,42.2,42.9,42.2,42.5,298026,12670614
2026-09-03,TPEX,9949,琉園,24.0,24.2,24.0,24.2,12143,291780
2026-09-03,TPEX,9950,萬國通,10.25,10.4,10.25,10.3,43000,445000
2026-09-03,TPEX,9951,皇田,50.4,50.7,50.3,50.6,173734,8775529
2026-09-03,TPEX,9960,邁達康,29.1,30.25,29.05,30.25,3175,93586
2026-09-03,TPEX,9962,有益,10.3,10.35,10.15,10.3,35553,365606
