strategy,order_date,code,limit,open,low,expected,actual,expected_fill,actual_fill,status_match,fill_match,match,reason
R7,20210105,2415,29.150000000000002,30.0,30.0,MISSED,MISSED,,,True,True,True,
R7,20210105,3149,26.55,26.9,26.0,FILLED,FILLED,26.55,26.55,True,True,True,
R7,20210113,1533,54.1,53.0,52.1,FILLED,FILLED,53.3,53.0,True,False,False,
R7,20210114,2401,22.900000000000002,22.65,22.2,FILLED,FILLED,22.8,22.65,True,False,False,
R7,20210201,8033,21.450000000000003,21.9,20.8,FILLED,FILLED,21.45,21.450000000000003,True,True,True,
R7,20210203,5014,17.400000000000002,17.9,17.55,MISSED,MISSED,,,True,True,True,
R7,20210205,6547,132.0,137.0,132.5,MISSED,MISSED,,,True,True,True,
R7,20210217,6547,145.5,163.0,157.5,MISSED,MISSED,,,True,True,True,
R7,20210217,3169,72.3,81.1,81.1,MISSED,MISSED,,,True,True,True,
R7,20210219,6547,175.0,196.5,196.5,MISSED,MISSED,,,True,True,True,
R7,20210219,4961,203.5,212.0,206.0,MISSED,MISSED,,,True,True,True,
R7,20210302,3312,19.0,20.2,18.0,FILLED,FILLED,19.0,19.0,True,True,True,
R7,20210302,2610,13.700000000000001,14.6,13.8,MISSED,MISSED,,,True,True,True,
R7,20210312,8099,39.650000000000006,40.3,40.05,MISSED,MISSED,,,True,True,True,
R7,20210318,5452,22.5,25.3,24.2,MISSED,MISSED,,,True,True,True,
R7,20210318,8040,47.2,47.4,46.0,FILLED,FILLED,47.2,47.2,True,True,True,
R7,20210330,3122,42.650000000000006,47.1,46.1,MISSED,MISSED,,,True,True,True,
R7,20210401,5272,41.75,45.4,42.8,MISSED,MISSED,,,True,True,True,
R7,20210401,1517,19.8,20.9,20.9,MISSED,MISSED,,,True,True,True,
R7,20210406,5272,43.650000000000006,44.5,42.4,FILLED,FILLED,43.65,43.650000000000006,True,True,True,
R7,20210406,1517,21.8,23.5,23.3,MISSED,MISSED,,,True,True,True,
R7,20210423,2022,14.200000000000001,14.3,13.05,FILLED,FILLED,14.2,14.200000000000001,True,True,True,
R7,20210427,8927,42.650000000000006,43.9,42.25,FILLED,FILLED,42.65,42.650000000000006,True,True,True,
R7,20210527,2642,63.1,68.0,67.8,MISSED,MISSED,,,True,True,True,
R7,20210527,2491,28.650000000000002,29.1,28.55,FILLED,FILLED,28.65,28.650000000000002,True,True,True,
R7,20210531,2642,76.2,85.5,85.5,MISSED,MISSED,,,True,True,True,
R7,20210531,5475,21.150000000000002,21.9,20.6,FILLED,FILLED,21.15,21.150000000000002,True,True,True,
R7,20210617,2614,27.900000000000002,29.1,27.35,FILLED,FILLED,27.9,27.900000000000002,True,True,True,
R7,20210618,2641,30.35,32.55,32.55,MISSED,MISSED,,,True,True,True,
R7,20210621,2641,33.4,37.5,37.5,MISSED,MISSED,,,True,True,True,
R7,20210622,2636,201.0,214.5,197.0,FILLED,FILLED,201.0,201.0,True,True,True,
R7,20210624,6640,149.5,140.5,140.5,FILLED,FILLED,141.5,140.5,True,False,False,
R7,20210712,2614,57.800000000000004,63.5,61.3,MISSED,MISSED,,,True,True,True,
R7,20210713,2614,63.6,66.5,65.5,MISSED,MISSED,,,True,True,True,
R7,20210713,5425,95.7,101.0,88.3,FILLED,FILLED,95.7,95.7,True,True,True,
R7,20210714,2614,67.9,63.8,62.4,FILLED,FILLED,63.8,63.8,True,True,True,
R7,20210720,6104,109.0,108.0,106.0,FILLED,FILLED,109.0,108.0,True,False,False,
R7,20210721,9962,22.8,25.6,25.15,MISSED,MISSED,,,True,True,True,
R7,20210721,6727,103.5,116.5,116.5,MISSED,MISSED,,,True,True,True,
R7,20210726,6226,16.7,17.3,15.7,FILLED,FILLED,16.7,16.7,True,True,True,
R7,20210726,4945,83.30000000000001,88.0,83.2,FILLED,FILLED,83.3,83.30000000000001,True,True,True,
R7,20210727,3556,108.0,112.0,101.5,FILLED,FILLED,108.0,108.0,True,True,True,
R7,20210727,6568,196.0,210.5,201.0,MISSED,MISSED,,,True,True,True,
R7,20210730,3663,37.4,38.15,37.65,MISSED,MISSED,,,True,True,True,
R7,20210730,3221,36.65,37.0,35.9,FILLED,FILLED,36.65,36.65,True,True,True,
R7,20210730,6143,63.7,64.6,62.0,FILLED,FILLED,63.7,63.7,True,True,True,
R7,20210802,3663,39.75,42.0,39.05,FILLED,FILLED,39.75,39.75,True,True,True,
R7,20210802,3031,29.55,30.5,28.25,FILLED,FILLED,29.55,29.55,True,True,True,
R7,20210804,5321,59.7,60.2,58.3,FILLED,FILLED,59.7,59.7,True,True,True,
R7,20210804,1783,61.2,63.0,59.1,FILLED,FILLED,61.2,61.2,True,True,True,
R7,20210813,8478,93.9,94.7,87.5,FILLED,FILLED,93.9,93.9,True,True,True,
R7,20210813,2538,11.9,12.15,11.85,FILLED,FILLED,11.9,11.9,True,True,True,
R7,20210813,3583,67.60000000000001,68.3,65.3,FILLED,FILLED,67.6,67.60000000000001,True,True,True,
R7,20210831,2013,72.7,74.1,72.0,FILLED,FILLED,72.7,72.7,True,True,True,
R7,20210831,3689,41.5,42.9,41.05,FILLED,FILLED,41.5,41.5,True,True,True,
R7,20210928,5321,104.5,110.0,104.5,FILLED,FILLED,104.5,104.5,True,True,True,
R7,20210928,2314,78.4,78.1,77.5,FILLED,FILLED,78.4,78.1,True,False,False,
R7,20211020,4743,234.0,240.0,240.0,MISSED,MISSED,,,True,True,True,
R7,20211020,1721,17.150000000000002,17.35,17.0,FILLED,FILLED,17.15,17.150000000000002,True,True,True,
R7,20211027,2498,57.1,59.5,58.3,MISSED,MISSED,,,True,True,True,
R7,20211029,2498,58.5,59.1,59.1,MISSED,MISSED,,,True,True,True,
R7,20211029,3491,111.0,119.0,115.0,MISSED,MISSED,,,True,True,True,
R7,20211101,3491,122.0,129.0,128.5,MISSED,MISSED,,,True,True,True,
R7,20211101,3508,30.450000000000003,33.5,32.8,MISSED,MISSED,,,True,True,True,
R7,20211102,3491,133.5,140.0,128.5,FILLED,FILLED,133.5,133.5,True,True,True,
R7,20211102,3508,33.5,35.0,33.05,FILLED,FILLED,33.5,33.5,True,True,True,
R7,20211112,6118,23.05,25.2,24.6,MISSED,MISSED,,,True,True,True,
R7,20211116,6118,27.85,29.9,26.05,FILLED,FILLED,27.85,27.85,True,True,True,
R7,20211202,2497,67.2,68.7,65.0,FILLED,FILLED,67.2,67.2,True,True,True,
R7,20211202,3532,258.5,264.0,252.5,FILLED,FILLED,258.5,258.5,True,True,True,
R7,20211203,6243,69.5,67.8,67.2,FILLED,FILLED,68.2,67.8,True,False,False,
R7,20211203,6446,235.0,243.0,238.0,MISSED,MISSED,,,True,True,True,
R7,20211207,5245,78.80000000000001,85.0,84.6,MISSED,MISSED,,,True,True,True,
R7,20211207,6446,262.0,279.5,279.5,MISSED,MISSED,,,True,True,True,
R7,20211207,6235,27.450000000000003,29.9,28.55,MISSED,MISSED,,,True,True,True,
R7,20211208,5245,86.7,90.0,90.0,MISSED,MISSED,,,True,True,True,
R7,20211208,6446,284.0,294.0,294.0,MISSED,MISSED,,,True,True,True,
R7,20211208,3508,66.4,72.5,65.5,FILLED,FILLED,66.4,66.4,True,True,True,
R7,20211208,5344,33.95,37.0,32.75,FILLED,FILLED,33.95,33.95,True,True,True,
R7,20211209,5245,93.2,97.0,90.0,FILLED,FILLED,93.2,93.2,True,True,True,
R7,20211209,6134,28.700000000000003,30.9,29.3,MISSED,MISSED,,,True,True,True,
R7,20211213,6134,28.950000000000003,30.1,30.1,MISSED,MISSED,,,True,True,True,
R7,20211213,2405,16.6,18.6,18.6,MISSED,MISSED,,,True,True,True,
R7,20211213,6576,120.5,127.0,120.0,FILLED,FILLED,120.5,120.5,True,True,True,
R7,20211215,2405,19.75,19.0,18.25,FILLED,FILLED,19.1,19.0,True,False,False,
R7,20211215,2406,33.45,33.5,33.25,FILLED,FILLED,33.45,33.45,True,True,True,
R7,20211217,2495,20.35,20.85,19.5,FILLED,FILLED,20.35,20.35,True,True,True,
R7,20211217,8478,167.5,177.0,162.0,FILLED,FILLED,167.5,167.5,True,True,True,
R7,20211224,6266,23.950000000000003,25.95,25.15,MISSED,MISSED,,,True,True,True,
R7,20220110,4939,27.0,27.5,27.1,MISSED,MISSED,,,True,True,True,
R7,20220110,1732,44.5,48.75,47.45,MISSED,MISSED,,,True,True,True,
R7,20220110,6266,34.300000000000004,35.0,34.5,MISSED,MISSED,,,True,True,True,
R7,20220124,3036,87.4,88.0,83.1,FILLED,FILLED,87.4,87.4,True,True,True,
R7,20220124,3017,97.2,98.5,94.0,FILLED,FILLED,97.2,97.2,True,True,True,
R7,20220208,1529,28.55,31.0,28.5,FILLED,FILLED,28.55,28.55,True,True,True,
R7,20220208,8210,87.4,90.3,88.2,MISSED,MISSED,,,True,True,True,
R7,20220209,4174,132.0,133.0,127.5,FILLED,FILLED,132.0,132.0,True,True,True,
R7,20220209,3219,114.0,117.0,112.0,FILLED,FILLED,114.0,114.0,True,True,True,
R7,20220215,8440,40.95,41.8,41.45,MISSED,MISSED,,,True,True,True,
R7,20220217,1709,29.75,30.3,30.15,MISSED,MISSED,,,True,True,True,
R7,20220217,1712,33.800000000000004,34.3,33.9,MISSED,MISSED,,,True,True,True,
R7,20220217,3257,76.4,78.3,78.2,MISSED,MISSED,,,True,True,True,
R7,20220223,9955,25.05,26.0,25.35,MISSED,MISSED,,,True,True,True,
R7,20220223,2906,20.700000000000003,21.0,20.8,MISSED,MISSED,,,True,True,True,
R7,20220224,5706,58.800000000000004,58.8,58.3,FILLED,FILLED,58.8,58.8,True,True,True,
R7,20220224,9955,25.900000000000002,28.3,27.45,MISSED,MISSED,,,True,True,True,
R7,20220224,2906,20.650000000000002,21.4,21.15,MISSED,MISSED,,,True,True,True,
R7,20220301,2906,22.85,23.6,22.65,FILLED,FILLED,22.85,22.85,True,True,True,
R7,20220301,2032,26.400000000000002,29.6,29.6,MISSED,MISSED,,,True,True,True,
R7,20220302,2032,29.0,29.55,28.9,FILLED,FILLED,29.0,29.0,True,True,True,
R7,20220302,4162,76.4,77.4,77.4,MISSED,MISSED,,,True,True,True,
R7,20220307,4162,87.30000000000001,89.1,83.5,FILLED,FILLED,87.3,87.30000000000001,True,True,True,
R7,20220318,8440,58.2,63.0,62.1,MISSED,MISSED,,,True,True,True,
R7,20220318,2545,47.5,48.5,48.25,MISSED,MISSED,,,True,True,True,
R7,20220407,3558,171.0,173.5,169.0,FILLED,FILLED,171.0,171.0,True,True,True,
R7,20220407,5603,53.900000000000006,55.5,51.2,FILLED,FILLED,53.9,53.900000000000006,True,True,True,
R7,20220411,4133,62.6,67.1,66.5,MISSED,MISSED,,,True,True,True,
R7,20220411,3558,183.0,197.0,179.0,FILLED,FILLED,183.0,183.0,True,True,True,
R7,20220601,5272,43.150000000000006,44.05,44.05,MISSED,MISSED,,,True,True,True,
R7,20220601,5258,47.7,49.55,49.2,MISSED,MISSED,,,True,True,True,
R7,20220607,2736,23.05,23.35,21.25,FILLED,FILLED,23.05,23.05,True,True,True,
R7,20220607,5258,56.300000000000004,57.5,56.8,MISSED,MISSED,,,True,True,True,
R7,20220802,8996,83.60000000000001,81.9,80.9,FILLED,FILLED,82.4,81.9,True,False,False,
R7,20220802,3494,12.200000000000001,13.35,12.0,FILLED,FILLED,12.2,12.200000000000001,True,True,True,
R7,20220810,3432,21.55,23.2,22.3,MISSED,MISSED,,,True,True,True,
R7,20220810,3710,14.15,14.05,13.85,FILLED,FILLED,14.15,14.05,True,False,False,
R7,20220831,6589,126.5,138.5,128.0,MISSED,MISSED,,,True,True,True,
R7,20220831,4743,277.5,287.0,287.0,MISSED,MISSED,,,True,True,True,
R7,20221114,8033,33.300000000000004,33.5,32.4,FILLED,FILLED,33.3,33.300000000000004,True,True,True,
R7,20221114,2727,146.0,149.5,149.0,MISSED,MISSED,,,True,True,True,
R7,20221123,3217,85.2,87.0,85.6,MISSED,MISSED,,,True,True,True,
R7,20221123,6245,85.7,87.8,85.5,FILLED,FILLED,85.7,85.7,True,True,True,
R7,20221130,8222,32.15,35.7,31.9,FILLED,FILLED,32.15,32.15,True,True,True,
R7,20221207,8436,172.5,177.5,165.0,FILLED,FILLED,172.5,172.5,True,True,True,
R7,20221209,4114,45.45,46.8,46.1,MISSED,MISSED,,,True,True,True,
R7,20221212,4114,47.5,48.6,47.6,MISSED,MISSED,,,True,True,True,
R7,20221212,3027,34.1,34.65,33.6,FILLED,FILLED,34.1,34.1,True,True,True,
R7,20221214,1752,52.800000000000004,54.5,50.4,FILLED,FILLED,52.8,52.800000000000004,True,True,True,
R7,20221221,6111,60.400000000000006,62.5,60.5,MISSED,MISSED,,,True,True,True,
R7,20221223,1752,58.0,59.6,59.6,MISSED,MISSED,,,True,True,True,
R7,20221223,1701,30.25,31.2,31.2,MISSED,MISSED,,,True,True,True,
R7,20221226,2612,44.550000000000004,45.5,40.95,FILLED,FILLED,44.55,44.550000000000004,True,True,True,
R7,20221226,1752,61.800000000000004,66.0,65.3,MISSED,MISSED,,,True,True,True,
R7,20221228,3479,84.0,86.6,81.8,FILLED,FILLED,84.0,84.0,True,True,True,
R7,20221229,1305,26.55,26.7,26.5,FILLED,FILLED,26.55,26.55,True,True,True,
R7,20230109,8044,63.7,64.9,62.9,FILLED,FILLED,63.7,63.7,True,True,True,
R7,20230110,2230,39.1,39.5,39.4,MISSED,MISSED,,,True,True,True,
R7,20230210,6235,48.75,49.5,47.85,FILLED,FILLED,48.75,48.75,True,True,True,
R7,20230302,4967,54.5,55.4,54.8,MISSED,MISSED,,,True,True,True,
R7,20230303,4967,56.2,56.9,56.2,MISSED,FILLED,,56.2,False,True,False,
R7,20230303,2739,58.7,65.0,60.9,MISSED,MISSED,,,True,True,True,
R7,20230307,4967,57.800000000000004,59.3,58.1,MISSED,MISSED,,,True,True,True,
R7,20230307,2739,61.2,64.0,63.6,MISSED,MISSED,,,True,True,True,
R7,20230308,3362,112.0,116.0,110.0,FILLED,FILLED,112.0,112.0,True,True,True,
R7,20230308,2739,63.2,63.5,62.5,FILLED,FILLED,63.2,63.2,True,True,True,
R7,20230313,3093,41.1,41.0,40.1,FILLED,FILLED,41.1,41.0,True,False,False,
R7,20230313,3046,70.3,76.2,70.9,MISSED,MISSED,,,True,True,True,
R7,20230313,5009,49.0,49.6,48.1,FILLED,FILLED,49.0,49.0,True,True,True,
R7,20230327,6160,27.55,28.55,27.35,FILLED,FILLED,27.55,27.55,True,True,True,
R7,20230327,5353,43.6,43.15,42.7,FILLED,FILLED,43.4,43.15,True,False,False,
R7,20230327,6733,33.300000000000004,34.55,33.05,FILLED,FILLED,33.3,33.300000000000004,True,True,True,
R7,20230410,6485,104.5,105.5,104.5,FILLED,FILLED,104.5,104.5,True,True,True,
R7,20230410,6829,106.5,115.0,111.5,MISSED,MISSED,,,True,True,True,
R7,20230411,6829,112.0,112.5,110.5,FILLED,FILLED,112.0,112.0,True,True,True,
R7,20230411,3032,44.800000000000004,46.5,45.7,MISSED,MISSED,,,True,True,True,
R7,20230411,3324,240.0,244.0,242.0,MISSED,MISSED,,,True,True,True,
R7,20230420,4728,229.5,245.0,242.0,MISSED,MISSED,,,True,True,True,
R7,20230420,3058,21.8,24.0,23.55,MISSED,MISSED,,,True,True,True,
R7,20230420,6625,63.900000000000006,65.3,64.3,MISSED,MISSED,,,True,True,True,
R7,20230503,1727,40.6,41.0,40.6,FILLED,FILLED,40.6,40.6,True,True,True,
R7,20230503,4121,33.9,34.8,34.2,MISSED,MISSED,,,True,True,True,
R7,20230519,2743,105.0,103.0,103.0,FILLED,FILLED,104.0,103.0,True,False,False,
R7,20230519,2427,20.200000000000003,22.2,22.05,MISSED,MISSED,,,True,True,True,
R7,20230519,3617,170.5,172.5,170.0,FILLED,FILLED,170.5,170.5,True,True,True,
R7,20230523,2427,24.0,24.65,23.8,FILLED,FILLED,24.0,24.0,True,True,True,
R7,20230523,2745,69.0,71.0,68.8,FILLED,FILLED,69.0,69.0,True,True,True,
R7,20230626,1471,12.65,13.55,13.45,MISSED,MISSED,,,True,True,True,
R7,20230626,5426,16.8,16.95,15.65,FILLED,FILLED,16.8,16.8,True,True,True,
R7,20230626,2468,43.0,43.9,42.5,FILLED,FILLED,43.0,43.0,True,True,True,
R7,20230705,2230,126.0,128.0,116.5,FILLED,FILLED,126.0,126.0,True,True,True,
R7,20230705,2419,37.95,38.6,37.0,FILLED,FILLED,37.95,37.95,True,True,True,
R7,20230707,6117,24.5,25.3,24.2,FILLED,FILLED,24.5,24.5,True,True,True,
R7,20230707,3013,43.35,43.0,42.55,FILLED,FILLED,43.25,43.0,True,False,False,
R7,20230712,5234,142.5,146.5,139.5,FILLED,FILLED,142.5,142.5,True,True,True,
R7,20230712,1618,24.5,25.55,23.6,FILLED,FILLED,24.5,24.5,True,True,True,
R7,20230804,9927,63.300000000000004,58.2,58.2,FILLED,FILLED,58.2,58.2,True,True,True,
R7,20230804,2913,29.8,30.5,29.2,FILLED,FILLED,29.8,29.8,True,True,True,
R7,20230831,3715,56.7,59.4,55.0,FILLED,FILLED,56.7,56.7,True,True,True,
R7,20230831,2436,71.8,73.7,70.2,FILLED,FILLED,71.8,71.8,True,True,True,
R7,20230908,2816,34.300000000000004,35.8,34.05,FILLED,FILLED,34.3,34.300000000000004,True,True,True,
R7,20230908,3548,121.0,125.0,118.0,FILLED,FILLED,121.0,121.0,True,True,True,
R7,20230913,8086,118.0,119.5,117.0,FILLED,FILLED,118.0,118.0,True,True,True,
R7,20230915,5321,106.5,110.0,106.5,FILLED,FILLED,106.5,106.5,True,True,True,
R7,20230915,8068,44.150000000000006,49.3,41.8,FILLED,FILLED,44.15,44.150000000000006,True,True,True,
R7,20230919,6715,157.0,161.0,156.5,FILLED,FILLED,157.0,157.0,True,True,True,
R7,20230921,2417,25.85,26.0,25.7,FILLED,FILLED,25.85,25.85,True,True,True,
R7,20231012,2465,45.95,47.2,46.05,MISSED,MISSED,,,True,True,True,
R7,20231012,3122,44.300000000000004,46.0,44.3,FILLED,FILLED,44.3,44.300000000000004,True,True,True,
R7,20231013,2465,50.1,50.0,49.05,FILLED,FILLED,50.1,50.0,True,False,False,
R7,20231013,6684,69.2,69.9,66.1,FILLED,FILLED,69.2,69.2,True,True,True,
R7,20231017,2363,48.95,49.95,49.65,MISSED,MISSED,,,True,True,True,
R7,20231018,6237,47.050000000000004,49.6,45.95,FILLED,FILLED,47.05,47.050000000000004,True,True,True,
R7,20231026,6593,94.80000000000001,103.0,101.0,MISSED,MISSED,,,True,True,True,
R7,20231026,3041,26.8,26.35,26.3,FILLED,FILLED,26.5,26.35,True,False,False,
R7,20231103,8054,57.6,57.5,55.8,FILLED,FILLED,57.6,57.5,True,False,False,
R7,20231103,6593,124.5,131.0,131.0,MISSED,MISSED,,,True,True,True,
R7,20231110,3228,149.0,150.0,148.0,FILLED,FILLED,149.0,149.0,True,True,True,
R7,20231110,3217,149.5,153.0,150.0,MISSED,MISSED,,,True,True,True,
R7,20231110,6412,138.5,139.5,138.0,FILLED,FILLED,138.5,138.5,True,True,True,
R7,20231206,2605,28.200000000000003,28.0,27.1,FILLED,FILLED,28.15,28.0,True,False,False,
R7,20231214,5426,24.650000000000002,26.85,25.65,MISSED,MISSED,,,True,True,True,
R7,20240105,6113,26.1,28.5,26.75,MISSED,MISSED,,,True,True,True,
R7,20240105,8096,18.6,19.55,18.05,FILLED,FILLED,18.6,18.6,True,True,True,
R7,20240125,6535,122.5,138.0,127.0,MISSED,MISSED,,,True,True,True,
R7,20240126,3354,24.55,25.05,24.0,FILLED,FILLED,24.55,24.55,True,True,True,
R7,20240126,6535,133.0,128.0,122.5,FILLED,FILLED,129.0,128.0,True,False,False,
R7,20240311,2404,381.5,388.5,362.5,FILLED,FILLED,381.5,381.5,True,True,True,
R7,20240311,5386,68.5,69.9,67.5,FILLED,FILLED,68.5,68.5,True,True,True,
R7,20240311,3293,1065.0,1090.0,1010.0,FILLED,FILLED,1065.0,1065.0,True,True,True,
R7,20240327,4127,29.200000000000003,32.7,29.8,MISSED,MISSED,,,True,True,True,
R7,20240327,2359,68.3,70.5,69.2,MISSED,MISSED,,,True,True,True,
R7,20240327,1616,22.25,22.9,21.25,FILLED,FILLED,22.25,22.25,True,True,True,
R7,20240328,4127,32.050000000000004,31.4,29.5,FILLED,FILLED,31.4,31.4,True,True,True,
R7,20240328,2359,71.3,74.0,70.5,FILLED,FILLED,71.3,71.3,True,True,True,
R7,20240502,6177,62.0,65.0,63.6,MISSED,MISSED,,,True,True,True,
R7,20240502,5508,200.5,210.0,206.5,MISSED,MISSED,,,True,True,True,
R7,20240502,6552,48.5,49.5,48.1,FILLED,FILLED,48.5,48.5,True,True,True,
R7,20240503,5508,220.5,225.5,219.5,FILLED,FILLED,220.5,220.5,True,True,True,
R7,20240507,3466,54.1,55.6,54.1,FILLED,FILLED,54.1,54.1,True,True,True,
R7,20240514,4562,28.85,28.6,28.25,FILLED,FILLED,28.75,28.6,True,False,False,
R7,20240514,2615,68.60000000000001,70.3,67.9,FILLED,FILLED,68.6,68.60000000000001,True,True,True,
R7,20240515,6419,106.5,114.0,114.0,MISSED,MISSED,,,True,True,True,
R7,20240517,5392,37.6,40.0,36.15,FILLED,FILLED,37.6,37.6,True,True,True,
R7,20240517,4549,131.5,134.5,122.5,FILLED,FILLED,131.5,131.5,True,True,True,
R7,20240612,2537,24.25,24.9,23.6,FILLED,FILLED,24.25,24.25,True,True,True,
R7,20240617,5484,59.2,66.5,54.8,FILLED,FILLED,59.2,59.2,True,True,True,
R7,20240617,3374,171.5,176.0,173.0,MISSED,MISSED,,,True,True,True,
R7,20240620,8085,92.2,94.0,88.0,FILLED,FILLED,92.2,92.2,True,True,True,
R7,20240620,2438,41.650000000000006,45.0,43.0,MISSED,MISSED,,,True,True,True,
R7,20240621,6877,55.5,57.0,53.0,FILLED,FILLED,55.5,55.5,True,True,True,
R7,20240625,2438,55.2,55.4,55.0,FILLED,FILLED,55.2,55.2,True,True,True,
R7,20240626,6895,200.5,200.5,194.0,FILLED,FILLED,200.5,200.5,True,True,True,
R7,20240717,1540,31.8,32.5,32.0,MISSED,MISSED,,,True,True,True,
R7,20240719,1540,34.2,35.15,32.8,FILLED,FILLED,34.2,34.2,True,True,True,
R7,20240719,6492,60.900000000000006,62.0,58.0,FILLED,FILLED,60.9,60.900000000000006,True,True,True,
R7,20240719,2477,29.650000000000002,30.5,28.3,FILLED,FILLED,29.65,29.650000000000002,True,True,True,
R7,20240731,2524,100.0,109.0,102.0,MISSED,MISSED,,,True,True,True,
R7,20240731,4907,115.0,120.0,112.5,FILLED,FILLED,115.0,115.0,True,True,True,
R7,20240802,4513,69.0,70.0,68.5,FILLED,FILLED,69.0,69.0,True,True,True,
R7,20240802,2524,111.0,112.5,110.5,FILLED,FILLED,111.0,111.0,True,True,True,
R7,20240819,3230,32.550000000000004,32.7,32.7,MISSED,MISSED,,,True,True,True,
R7,20240819,8937,46.050000000000004,47.0,45.55,FILLED,FILLED,46.05,46.050000000000004,True,True,True,
R7,20240829,3550,23.85,24.35,23.85,MISSED,FILLED,,23.85,False,True,False,
R7,20240829,6151,46.35,48.8,46.65,MISSED,MISSED,,,True,True,True,
R7,20240918,8249,54.0,58.7,54.3,MISSED,MISSED,,,True,True,True,
R7,20240918,2477,34.5,35.1,32.15,FILLED,FILLED,34.5,34.5,True,True,True,
R7,20240925,1721,24.85,25.55,25.1,MISSED,MISSED,,,True,True,True,
R7,20240925,2033,21.85,23.0,22.05,MISSED,MISSED,,,True,True,True,
R7,20240925,4716,29.85,30.3,29.85,MISSED,FILLED,,29.85,False,True,False,
R7,20241001,4527,59.300000000000004,60.8,57.3,FILLED,FILLED,59.3,59.300000000000004,True,True,True,
R7,20241001,3081,289.5,306.5,303.0,MISSED,MISSED,,,True,True,True,
R7,20241016,6156,37.0,37.8,36.7,FILLED,FILLED,37.0,37.0,True,True,True,
R7,20241016,4956,36.95,37.0,36.7,FILLED,FILLED,36.95,36.95,True,True,True,
R7,20241017,1595,60.1,61.5,59.7,FILLED,FILLED,60.1,60.1,True,True,True,
R7,20241017,3710,15.700000000000001,15.75,15.2,FILLED,FILLED,15.7,15.700000000000001,True,True,True,
R7,20241021,6763,64.8,68.3,68.3,MISSED,MISSED,,,True,True,True,
R7,20241113,3706,62.300000000000004,64.8,63.5,MISSED,MISSED,,,True,True,True,
R7,20241203,6558,40.2,41.05,39.45,FILLED,FILLED,40.2,40.2,True,True,True,
R7,20241203,3211,201.5,206.5,195.5,FILLED,FILLED,201.5,201.5,True,True,True,
R7,20241205,6426,95.30000000000001,107.0,104.5,MISSED,MISSED,,,True,True,True,
R7,20241224,3019,165.0,170.5,164.5,FILLED,FILLED,165.0,165.0,True,True,True,
R7,20241224,3379,39.650000000000006,40.5,37.7,FILLED,FILLED,39.65,39.650000000000006,True,True,True,
R7,20241230,5314,646.0,690.0,679.0,MISSED,MISSED,,,True,True,True,
R7,20250203,3081,518.0,477.0,476.5,FILLED,FILLED,477.0,477.0,True,True,True,
R7,20250203,6613,254.5,248.0,241.0,FILLED,FILLED,249.5,248.0,True,False,False,
R7,20250206,6140,32.300000000000004,32.8,31.8,FILLED,FILLED,32.3,32.300000000000004,True,True,True,
R7,20250206,8096,47.35,50.3,49.2,MISSED,MISSED,,,True,True,True,
R7,20250210,6148,39.150000000000006,39.65,37.15,FILLED,FILLED,39.15,39.150000000000006,True,True,True,
R7,20250210,8096,52.900000000000006,55.0,52.6,FILLED,FILLED,52.9,52.900000000000006,True,True,True,
R7,20250214,4722,62.300000000000004,63.9,60.2,FILLED,FILLED,62.3,62.300000000000004,True,True,True,
R7,20250217,2034,24.5,24.95,24.15,FILLED,FILLED,24.5,24.5,True,True,True,
R7,20250217,3609,57.300000000000004,58.8,56.8,FILLED,FILLED,57.3,57.300000000000004,True,True,True,
R7,20250218,8234,86.0,89.9,89.2,MISSED,MISSED,,,True,True,True,
R7,20250226,4534,28.950000000000003,29.3,28.85,FILLED,FILLED,28.95,28.950000000000003,True,True,True,
R7,20250226,3213,135.0,136.0,132.5,FILLED,FILLED,135.0,135.0,True,True,True,
R7,20250304,8436,140.0,148.5,143.5,MISSED,MISSED,,,True,True,True,
R7,20250304,2641,23.25,23.75,23.25,FILLED,FILLED,23.25,23.25,True,True,True,
R7,20250515,6499,78.30000000000001,79.0,79.0,MISSED,MISSED,,,True,True,True,
R7,20250515,3027,38.2,39.5,37.6,FILLED,FILLED,38.2,38.2,True,True,True,
R7,20250606,8489,48.7,49.75,47.2,FILLED,FILLED,48.7,48.7,True,True,True,
R7,20250606,3128,36.75,37.55,36.6,FILLED,FILLED,36.75,36.75,True,True,True,
R7,20250611,2429,77.0,77.9,70.8,FILLED,FILLED,77.0,77.0,True,True,True,
R7,20250611,8932,127.5,130.5,124.5,FILLED,FILLED,127.5,127.5,True,True,True,
R7,20250612,8038,38.25,39.05,37.15,FILLED,FILLED,38.25,38.25,True,True,True,
R7,20250618,6499,131.5,133.0,126.5,FILLED,FILLED,131.5,131.5,True,True,True,
R7,20250618,4551,115.0,121.0,117.5,MISSED,MISSED,,,True,True,True,
R7,20250620,8210,463.5,475.5,471.0,MISSED,MISSED,,,True,True,True,
R7,20250620,1616,42.650000000000006,43.55,42.2,FILLED,FILLED,42.65,42.650000000000006,True,True,True,
R7,20250630,3040,64.0,67.9,67.9,MISSED,MISSED,,,True,True,True,
R7,20250701,8021,44.75,46.0,43.6,FILLED,FILLED,44.75,44.75,True,True,True,
R7,20250701,3040,68.10000000000001,70.7,66.6,FILLED,FILLED,68.1,68.10000000000001,True,True,True,
R7,20250701,2360,433.5,442.5,437.0,MISSED,MISSED,,,True,True,True,
R7,20250708,3577,83.80000000000001,87.0,85.2,MISSED,MISSED,,,True,True,True,
R7,20250721,8358,81.9,86.4,85.5,MISSED,MISSED,,,True,True,True,
R7,20250721,3543,30.6,31.25,30.15,FILLED,FILLED,30.6,30.6,True,True,True,
R7,20250721,4760,133.5,140.5,139.0,MISSED,MISSED,,,True,True,True,
R7,20250723,6442,554.0,581.0,562.0,MISSED,MISSED,,,True,True,True,
R7,20250723,8358,85.2,89.9,88.3,MISSED,MISSED,,,True,True,True,
R7,20250806,8033,99.9,103.5,101.0,MISSED,MISSED,,,True,True,True,
R7,20250806,3230,50.400000000000006,52.5,50.8,MISSED,MISSED,,,True,True,True,
R7,20250806,2645,140.5,146.0,141.0,MISSED,MISSED,,,True,True,True,
R7,20250821,3625,23.05,24.0,23.1,MISSED,MISSED,,,True,True,True,
R7,20250821,2402,56.900000000000006,60.0,59.4,MISSED,MISSED,,,True,True,True,
R7,20250821,6919,173.5,180.0,180.0,MISSED,MISSED,,,True,True,True,
R7,20250822,6919,190.5,194.5,187.0,FILLED,FILLED,190.5,190.5,True,True,True,
R7,20250822,3625,23.05,24.0,22.1,FILLED,FILLED,23.05,23.05,True,True,True,
R7,20250822,4555,49.45,51.1,48.5,FILLED,FILLED,49.45,49.45,True,True,True,
R7,20250822,6449,155.0,161.5,155.0,FILLED,FILLED,155.0,155.0,True,True,True,
R7,20250904,4976,52.800000000000004,56.6,53.9,MISSED,MISSED,,,True,True,True,
R7,20250904,2634,65.7,69.6,64.2,FILLED,FILLED,65.7,65.7,True,True,True,
R7,20250905,4976,56.300000000000004,58.0,54.2,FILLED,FILLED,56.3,56.300000000000004,True,True,True,
R7,20250905,5438,29.3,29.05,28.05,FILLED,FILLED,29.2,29.05,True,False,False,
R7,20250908,3048,46.0,46.2,42.3,FILLED,FILLED,46.0,46.0,True,True,True,
R7,20250908,3704,36.15,36.9,35.9,FILLED,FILLED,36.15,36.15,True,True,True,
R7,20250911,2208,27.6,28.85,27.5,FILLED,FILLED,27.6,27.6,True,True,True,
R7,20250917,6182,31.3,31.7,31.0,FILLED,FILLED,31.3,31.3,True,True,True,
R7,20250918,3016,58.2,59.6,56.0,FILLED,FILLED,58.2,58.2,True,True,True,
R7,20250930,3628,66.10000000000001,68.6,63.6,FILLED,FILLED,66.1,66.10000000000001,True,True,True,
R7,20250930,3430,68.60000000000001,71.4,70.5,MISSED,MISSED,,,True,True,True,
R7,20251023,8103,79.5,79.2,79.2,FILLED,FILLED,79.5,79.2,True,False,False,
R7,20251106,2515,16.1,16.65,16.65,MISSED,MISSED,,,True,True,True,
R7,20251107,1314,9.55,10.5,9.26,FILLED,FILLED,9.55,9.55,True,True,True,
R7,20251107,2515,16.650000000000002,17.1,16.7,MISSED,MISSED,,,True,True,True,
R7,20251111,8131,43.400000000000006,46.25,43.4,MISSED,FILLED,,43.400000000000006,False,True,False,
R7,20251113,8110,37.5,40.6,40.55,MISSED,MISSED,,,True,True,True,
R7,20251113,3060,29.6,30.0,28.65,FILLED,FILLED,29.6,29.6,True,True,True,
R7,20251117,8150,46.95,50.5,46.0,FILLED,FILLED,46.95,46.95,True,True,True,
R7,20251127,8390,84.10000000000001,87.0,85.1,MISSED,MISSED,,,True,True,True,
R7,20251127,8048,63.800000000000004,66.1,65.3,MISSED,MISSED,,,True,True,True,
R7,20251128,8048,66.3,67.7,65.4,FILLED,FILLED,66.3,66.3,True,True,True,
R7,20251128,8390,86.80000000000001,89.1,86.5,FILLED,FILLED,86.8,86.80000000000001,True,True,True,
R7,20251203,7728,395.5,406.0,406.0,MISSED,MISSED,,,True,True,True,
R7,20251203,3163,305.5,319.0,311.5,MISSED,MISSED,,,True,True,True,
R7,20251224,4768,312.0,326.0,326.0,MISSED,MISSED,,,True,True,True,
R7,20251224,6788,328.0,338.0,337.5,MISSED,MISSED,,,True,True,True,
R0.5,20210105,2426,18.05,17.8,17.35,FILLED,FILLED,17.9,17.8,True,False,False,
R0.5,20210105,6288,34.9,35.55,35.3,MISSED,MISSED,,,True,True,True,
R0.5,20210105,1802,21.3,21.3,20.05,FILLED,FILLED,21.3,21.3,True,True,True,
R0.5,20210106,8215,30.5,31.75,29.0,FILLED,FILLED,30.5,30.5,True,True,True,
R0.5,20210108,6235,20.700000000000003,20.5,19.9,FILLED,FILLED,20.6,20.5,True,False,False,
R0.5,20210112,2886,29.85,29.95,29.75,FILLED,FILLED,29.85,29.85,True,True,True,
R0.5,20210413,2030,16.0,16.4,15.55,FILLED,FILLED,16.0,16.0,True,True,True,
R0.5,20210416,2884,26.75,26.95,26.75,FILLED,FILLED,26.75,26.75,True,True,True,
R0.5,20210420,1319,39.800000000000004,39.95,39.05,FILLED,FILLED,39.8,39.800000000000004,True,True,True,
R0.5,20210510,2889,17.900000000000002,17.9,17.8,FILLED,FILLED,17.9,17.9,True,True,True,
R0.5,20210602,8064,18.25,18.4,17.5,FILLED,FILLED,18.25,18.25,True,True,True,
R0.5,20210714,6160,24.900000000000002,26.25,24.6,FILLED,FILLED,24.9,24.900000000000002,True,True,True,
R0.5,20210805,5880,22.05,22.2,22.15,MISSED,MISSED,,,True,True,True,
R0.5,20210806,2344,35.6,35.0,34.0,FILLED,FILLED,35.2,35.0,True,False,False,
R0.5,20210830,2812,12.0,12.15,12.15,MISSED,MISSED,,,True,True,True,
R0.5,20210830,2884,27.55,27.8,27.7,MISSED,MISSED,,,True,True,True,
R0.5,20210830,2887,18.3,18.6,18.6,MISSED,MISSED,,,True,True,True,
R0.5,20210831,2880,20.55,20.7,20.45,FILLED,FILLED,20.55,20.55,True,True,True,
R0.5,20210831,2801,16.900000000000002,16.45,16.4,FILLED,FILLED,16.55,16.45,True,False,False,
R0.5,20210831,2371,30.1,30.25,29.8,FILLED,FILLED,30.1,30.1,True,True,True,
R0.5,20211207,5880,24.05,24.2,24.05,FILLED,FILLED,24.05,24.05,True,True,True,
R0.5,20221130,2884,24.35,24.4,24.3,FILLED,FILLED,24.35,24.35,True,True,True,
R0.5,20221130,2892,26.05,26.2,26.0,FILLED,FILLED,26.05,26.05,True,True,True,
R0.5,20221130,2890,17.650000000000002,17.65,17.5,FILLED,FILLED,17.65,17.65,True,True,True,
R0.5,20230519,5880,27.900000000000002,28.05,27.95,MISSED,MISSED,,,True,True,True,
R0.5,20230522,2885,23.3,23.45,23.3,FILLED,FILLED,23.3,23.3,True,True,True,
R0.5,20230808,8150,37.15,37.45,36.7,FILLED,FILLED,37.15,37.15,True,True,True,
R0.5,20231114,2607,33.1,33.3,33.05,FILLED,FILLED,33.1,33.1,True,True,True,
R0.5,20231115,2355,38.800000000000004,39.35,38.6,FILLED,FILLED,38.8,38.800000000000004,True,True,True,
R0.5,20231115,9945,35.300000000000004,36.15,35.85,MISSED,MISSED,,,True,True,True,
R0.5,20231116,2344,28.450000000000003,28.6,27.55,FILLED,FILLED,28.45,28.450000000000003,True,True,True,
R0.5,20231117,2801,17.55,17.65,17.6,MISSED,MISSED,,,True,True,True,
R0.5,20231120,2812,15.25,15.35,15.3,MISSED,MISSED,,,True,True,True,
R0.5,20231121,3059,39.050000000000004,40.45,37.65,FILLED,FILLED,39.05,39.050000000000004,True,True,True,
R0.5,20240110,3287,39.2,41.85,39.6,MISSED,MISSED,,,True,True,True,
R0.5,20240111,6163,21.55,21.5,20.6,FILLED,FILLED,21.55,21.5,True,False,False,
R0.5,20240131,2504,29.35,29.5,29.45,MISSED,MISSED,,,True,True,True,
R0.5,20240201,6179,34.550000000000004,34.75,34.3,FILLED,FILLED,34.55,34.550000000000004,True,True,True,
R0.5,20240220,1815,17.1,17.25,16.9,FILLED,FILLED,17.1,17.1,True,True,True,
R0.5,20240507,2889,15.4,15.6,15.5,MISSED,MISSED,,,True,True,True,
R0.5,20240508,2880,25.400000000000002,25.5,25.2,FILLED,FILLED,25.4,25.400000000000002,True,True,True,
R0.5,20240521,2884,29.25,29.3,28.4,FILLED,FILLED,29.25,29.25,True,True,True,
R0.5,20240926,2886,39.650000000000006,40.0,39.7,MISSED,MISSED,,,True,True,True,
R0.5,20240926,2892,27.55,27.75,27.65,MISSED,MISSED,,,True,True,True,
R0.5,20240926,5880,25.8,26.05,25.95,MISSED,MISSED,,,True,True,True,
R0.5,20240927,1402,38.0,38.35,37.55,FILLED,FILLED,38.0,38.0,True,True,True,
R0.5,20240930,2605,29.950000000000003,30.75,29.85,FILLED,FILLED,29.95,29.950000000000003,True,True,True,
R0.5,20240930,2014,21.3,22.15,21.7,MISSED,MISSED,,,True,True,True,
R0.5,20241021,3011,30.950000000000003,32.0,31.6,MISSED,MISSED,,,True,True,True,
R0.5,20241021,2885,33.300000000000004,33.5,32.55,FILLED,FILLED,33.3,33.300000000000004,True,True,True,
R0.5,20241022,3354,32.9,33.95,31.75,FILLED,FILLED,32.9,32.9,True,True,True,
R0.5,20241028,6288,30.8,32.4,30.9,MISSED,MISSED,,,True,True,True,
R0.5,20241029,9904,38.1,38.05,37.25,FILLED,FILLED,38.1,38.05,True,False,False,
R0.5,20250122,8096,39.0,40.0,38.3,FILLED,FILLED,39.0,39.0,True,True,True,
R0.5,20250203,2888,12.200000000000001,12.2,12.15,FILLED,FILLED,12.2,12.2,True,True,True,
R0.5,20250610,2889,13.3,13.4,13.4,MISSED,MISSED,,,True,True,True,
R0.5,20250610,2884,30.900000000000002,31.1,31.1,MISSED,MISSED,,,True,True,True,
R0.5,20250610,2890,23.950000000000003,23.9,23.85,FILLED,FILLED,23.95,23.9,True,False,False,
R0.5,20250911,1104,31.8,31.85,30.25,FILLED,FILLED,31.8,31.8,True,True,True,
R0.5,20250911,6005,23.55,23.85,23.5,FILLED,FILLED,23.55,23.55,True,True,True,
R0.5,20250912,2337,22.150000000000002,23.65,22.05,FILLED,FILLED,22.15,22.150000000000002,True,True,True,
R0.5,20251103,1608,32.85,33.8,33.35,MISSED,MISSED,,,True,True,True,
R0.5,20251104,6163,25.75,25.6,24.55,FILLED,FILLED,25.75,25.6,True,False,False,
R0.5,20251210,2367,27.650000000000002,27.0,26.0,FILLED,FILLED,27.15,27.0,True,False,False,
R0.5,20251210,4927,25.150000000000002,25.55,25.15,FILLED,FILLED,25.15,25.150000000000002,True,True,True,
